college_id,college_name,location_id
111,Anhui Provincial 安徽高等學堂,60
112,University of Arizona,113
115,Aurora University 震旦大學,877
119,Beiyang Military Academy 保定軍校,63
120,Berlin Technische Hochschule (Berlin T. H.),432
122,Berlin University,121
126,Boone College 文華書院,68
127,Brown University,128
129,University of California,130
131,California Institute of Technology (Caltech),130
133,Canton Christian College 廣東嶺南學堂,74
134,Carnegie,135
136,Case,137
138,Changsha Educational Mission School,67
139,University of Chicago,140
141,"Chihli Provincial College, Baoding 直隸高等學堂",63
142,University Of Cincinnati,137
143,Clark University,144
145,Colgate University,146
147,City College of New York,146
148,Colorado College,149
150,Colorado School of Mines (Colorado M. S.),149
151,Columbia University,8693
152,Cornell University 康乃爾大學,59843
153,Dartmouth College,154
155,"Technische Universität Dresden (Technische Hochschule Dresden, Dresden T.H.)",121
156,Drexel University,135
158,Ecole Superieure d'Electricite,159
160,Fort Leavenworth,161
164,Fuzhou Anglo-Chinese 福州英華書院,61
165,Georgetown University,166
167,University of Glasgow,125
169,Guangzhou Telegraph School,74
170,Hartford High School,125
171,Harvard University 哈佛大學,144
172,"Henan Provincial College, Kaifeng 河南高等學堂",66
175,Honolulu Anglo-Chinese Academy,176
177,Hooker Grammar School,178
179,University of Illinois,140
180,International Institute 上海尚賢堂,92
181,University of Iowa,182
184,Johns Hopkins University,185
186,Jiangxi Provincial College,70
187,King's College,125
188,Lehigh University,135
189,Li Shing Scientific College HK 香港格致書院,1072
190,University of London,125
191,University of Louisiana,192
193,Lowell Textile,144
194,University of Massachusetts (Amherst),144
195,M. I. T. (Massachusetts Institute of Technology),144
196,"Memphis, Huzhou 湖州孟斐斯學校",62
197,Michigan Mining School,199
198,University of Michigan,199
201,Mills Institute Honolulu,176
202,Mukden College of Languages,64
203,University of Minnesota,204
206,Nanjing Christian 南京匯文學校,71
207,Nanjing River Conservancy College,71
208,Nankai School 天津南開學校,63
209,Naval College Tianjin 天津北洋水師學堂,63
211,Fuzhou Naval College,61
212,New York University (N. Y. U.),8693
213,Northwestern University,140
214,Norwich University,215
216,Ohio Northern University,137
217,Ohio State University,137
218,Ohio Wesleyan University,137
219,University of Oregon,220
221,Peking College of Finance,82
222,Peking Methodist 滙文大學,82
223,University of Pennsylvania,135
224,University of Pittsburgh,135
225,Princeton University,226
227,Purdue University,228
229,Tsinghua (Qinghua) University 清華大學,410
230,Queen's College HK,1072
232,Rensselaer Polytechnic Institute (Ren. P. I.),59844
233,Shandong College 山東高等學堂,77
234,Shanghai Anglo-Chinese 上海中西書院,877
235,Shanghai Jiaotong University (Jiaotong Technical College/Nanyang University) 交通大學/交通部上海工專/南洋大學/交通部工專,877
236,Shanghai Huiying 上海彚英書館,92
239,Shanghai Tongwen 同文館,92
240,Shanhaiguan Railway Engineering School,63
241,Shuntien College 順天高等學堂,82
242,University of Southern California,130
244,St. Xavier's,92
245,St. Louis,176
247,St. Stephen's,1072
248,Stanford University,130
249,Steven's Institute of Technology,226
250,Suzhou Railway College,71
251,Suzhou University 蘇州東吳大學,71
252,Syracuse University,59845
254,Thomas Hanbury School,92
255,Tianjin Telegraph School 天津電報學堂,63
256,Tianjin Anglo-Chinese 天津新學書院,427
257,Tokyo Commercial 東京高等商業學校,604
261,University of Toronto,262
263,Trinity University,264
265,Union College,146
266,US Military Academy (West Point),146
267,University of Virginia,268
269,Virginia Military Institute,268
270,Washington University in St. Louis,271
272,Wellesley College,144
273,West Virginia University,274
275,Williston Academy,144
276,University of Wisconsin,277
278,Worcester Polytechnic Institute (Worcester P. I. ),144
279,Yale University,280
281,"Zhejiang Provincial, Hangzhou 浙江高等學堂",62
328,湖南水利工專,67
349,"Xiangqin University, Guangzhou 勷勤大學",350
354,Wuhan University 武漢大學,356
426,Tientsin Kung Shang College 天津工商學院,427
451,Guomin University 國民大學,350
455,Central University 中央大學,90
483,University of Nanking 金陵大學,90
498,Beiping University 北平大學,410
516,Sun Yat-sen University 中山大學,350
520,Jiangxi Polytechnical College 江西工專,522
529,Hunan University 湖南大學,590
555,National Southwestern Associated University 西南聯合大學,556
561,Nantong College 南通學院/南通大學,562
603,東京鐵道學校,604
639,Technische Hochschule München,640
649,Henan Water Conservancy College 河南水利工專 (河南水利工程專門學校),717
675,Fudan University 復旦大學,877
692,Beiyang University/Beiyang Technical Institute 北洋大學/北洋工學院,427
725,Shanxi University 山西大學,726
728,秋田礦山專門學校,729
800,山東工專,77
821,Northeastern University 東北大學,511
837,Nankai University 南開大學,427
855,Shanxi Polytechnic College 山西工專,726
876,Institut Technique Franco-Chinois de Shanghai 中法國立工學院 (中法工學院),877
901,St. John's University 聖約翰大學,877
982,Kansas University,983
994,The University of Hong Kong 香港大學,1072
998,Zhejiang University 浙江大學,999
1051,Politechnik 工專,121
1102,Saumur I. E.,1103
1138,Royal Mines S.,125
1253,東陸大學,556
1269,Chongqing University 重慶大學,1270
1307,National Nanjing Higher Normal School 南京高等師範工藝專校,90
1310,Tokyo Institute of Technology 日本東京工業大學 (日本東京高工/東京高等工業學校),604
1369,University of Grenoble,1370
1413,首都電廠新廠工程處土木組服務,90
1483,New Bedford Tex. S,1484
1499,Tangshan Jiaotong University 唐山工專/交通部唐山工業專校/交通大學唐山學院/交通部唐山大學/唐山大學/交通部唐山工專/交通部唐山學院,445
1516,Shandong University 山東大學,77
1568,Glasgow Royal Technical College,1569
1679,Hangchow College of Sciences and Humanities 之江大學/之江文理學院,999
1730,Beijing Jiaotong University 交通部交通傳習所/交通部郵電學校/北平交通大學/交通大學北平學校/北京交通大學,410
1742,The Great China University 大夏大學,877
1907,Beijing Institute of Technology 北京高等實業學堂/北京工業專門學校/北京工業大學,410
1946,Paris University,1948
1950,Paris G.C.E.,1948
1995,Nevada University,1996
2004,The Lester School and Henry Lester Institute of Technical Education 雷士德工學院 (雷氏德工學院),877
2033,Imperial Chinese Railway College 北洋山海關鐵路官學堂 (北洋山海關鐵路學堂),8312
2036,Boston I. T.,2037
2078,日本仙島高等工商專門學校,NA
2102,日本明治專門學校,2103
2121,Lyon University,2122
2173,Stevens I. T.,1387
2224,Tongji University 同濟大學,877
2278,Mulhouse University,2279
2328,"Hebei Provincial Technological Institute 河北工業學院 (河北省工業學院, 河北工學院)",63
2370,Marconi's C.,125
2483,哈爾濱工業大學,13060
2571,九州帝國大學,29091
2584,Kyoto University 日本京都帝國大學,2585
2678,日本東亞鐵道專校,258
2685,Ford Trade School (Ford T. S.),17289
2740,China University of Mining and Technology 福中礦務大學,3074
2840,Charleroi T. U.,2753
2876,Yunnan University 雲南大學,556
2888,Northwestern College of Engineering 西北工學院,2889
3044,Lingnan University 嶺南大學,350
3059,Brussels University,3060
3073,Jiaozuo College of Engineering 焦作工學院,3074
3146,University of Sheffield,7643
3157,University of Maine,3158
3174,Koenigsberg Universitaet,3175
3314,Oberlin College,137
3350,日本秋田礦山專校,729
3530,Zhejiang Polytechnical College 浙江公立工業專門學校/浙江工專,999
3789,Case App. Sci. S.,1387
3817,通慶大學,NA
3945,Imperial Sci. Tech. C.,1387
4017,Breslau Technische Hochschule,4018
4034,意國都林大學,4035
4094,Nancy University,4095
4120,南京高等工藝專校,90
4163,Leeds University,4164
4419,Guangxi University 廣西大學,4422
4581,Kwang Hua University 光華大學,877
4599,Paris S.E.E.,1948
4670,日本福岡明治工專,29091
4718,University of Birmingham 伯明翰大學,3552
4776,Southeast University 東南大學,90
4827,Darmstadt T. H.,4828
4908,University of Shanghai (Hujiang University) 滬江大學,877
4925,南京江南高等實業學堂 (江南高等實業學校),1881
5094,Bolton Tech. C.,5095
5275,d'Etudes P. I.,2753
5378,Frankfurt University,5379
5390,日本名古屋高工,3105
5466,Liege U. (University of Liège),5467
5509,Cameige P. I.,1387
5652,空軍機械學校,NA
5712,Colorado University,149
5740,Tokyo Imperial University 日本東京帝國大學,604
5919,巴黎工科函授學校,1948
6057,日本神戶高工,6058
6102,University of Toulouse,6103
6140,I. C. S.,1387
6339,Grenoble E. I.,1370
6467,University of Poitiers,6468
6977,日本東北帝國大學,6978
7025,Rouen E. Nancy University,159
7087,Woosung Merchant Marine School 交通部吳淞商船學校,7212
7133,Publice T. E. S.,159
7349,Hohai University of Technology 河海工程大學/河海工科大學,90
7419,旅順工科大學,64
7847,Durham University,7848
8099,法國法爾曼飛機學校,159
8454,湖南工專,16722
8796,Stuttgart T. H. (Stuttgart Technische Hochschule),8797
9076,Ohio University,26744
9078,University of Missouri,271
9439,Cheeloo University 齊魯大學,1177
9467,Berkeley D. S.,130
9471,Aachen T. H. (Aachen Technische Hochschule),8840
9480,Université catholique de Louvain (Louvain C. U.),9481
9695,École centrale des arts et Métiers,3060
9892,荷蘭工業大學,9893
10230,Lyonnaise C. E.,2122
10338,Victoria U. (Victoria University),25218
10656,江蘇工專,71
10835,中央機械,NA
11531,日本京都高等工藝學校,2585
11540,日本九洲帝國大學,11541
11621,N. Y. M.,146
11734,東京岩倉鐵道學校,604
11803,Ghent University,11806
12052,Heald College,12053
12116,Manchester University,125
12138,Lowell Textile School,144
12305,S. Wales U. (University of South Wales),31301
12688,Hannover T. H. (Technische Hochschule Hannover),9901
12802,Osaka School of Technology 日本大阪工業學校/日本大阪高工/大阪工業大學,551
12994,Gand University,11806
13007,桐生高等工業學校,258
13013,天津工商學校,427
13051,奉福岡明治專校,258
13367,Lafayette University,13368
13468,Carnegie I. T.,1801
13473,Oklahoma University,13474
13527,McSweeny A. T. E. S.,1387
13974,意國都林航空專修院,6318
14121,Jinan University 暨南大學,90
14352,North Carolina Agricultural Engineering College Carolina Agr. Eng. C.,14353
14405,Francaise P. E.,159
14443,東京高等師範工藝,604
14552,New Mexico M. S.,14553
14807,Union U. (Union University),1387
14843,UCLouvain FUCaM Mons,14844
14873,哈爾濱中俄工業大學,13060
14972,大阪工科大學,258
14999,Karlsruhe T. H.,9924
15103,Marconi’s College,125
15203,Tufts C. (Tufts College),144
15216,法國巴黎巴斯德學院 (Institut Pasteur),1948
15222,河北省立工業學院,63
15494,日本桐生高工,258
15577,日本東京廉倉鐵道專門學校,258
15664,Universität Tübingen (Tubingen University),121
16040,Nebraska University,1387
16161,Armstrong College,7848
16173,福建公立工專,61
16209,四川工專,1434
16706,Northwest University 西北大學,2596
16858,Lill C. I.,159
16974,日本大阪工專,258
17964,日本明治工專,258
18010,日本京都高工,2585
18094,Wichita University,161
18225,Portland University,18229
18227,Alma College,199
18260,Edinburgh University,18263
18262,Heriot-Watt University,18263
18350,Philadelphia Textile School (Phil. Tex. S.),18351
18678,河北水利工專,63
18762,Curtiss-Wright Flying School (Curtiss-Wright F. S.),1387
18851,Universität Göttingen 哥廷根大學,18852
18952,Versailles Saint-Quentin-en-Yvelines University (St. Quentin U.),18953
19774,東京東亞鐵道專校,604
20227,中俄大學,NA
20270,日本熊本高工,24843
20417,North Carolina State College of Agriculture and Engineering (N. C. State C.),14353
20494,University of North Carolina,14353
20620,武漢市工務局,356
20662,Ing-Hyd. E.,159
20764,日本明治大學,258
20791,日本仙台高工,20792
21148,Technische Hochschule Köthen (Kothen),21149
21289,Oxford University,21290
21774,巴黎飛機汽車專門學校,1948
21950,福岡明治工學院,29091
22252,Moscow Sun Yat-sen University 莫斯科中山大學,22253
22425,日本東京電機學校,604
22608,南京工業專門學校,90
22773,西北學院,NA
23158,Danzig T. H.,23159
23424,馮庸大學,511
23591,德 Zement Institut,NA
23712,法 Sorbonne U.,1948
23919,Suzhou Ango-Chinese College 蘇州中西書院,1315
24281,Leipzig University,24282
24564,軍政部兵工專門學校,1120
24641,東京農業大學,604
24643,日本倉岩鐵路學校,258
24703,東華大學,NA
24842,日本熊本工業大學,24843
25473,日本東京岩倉學校,604
25654,日本高工學校,NA
25976,Edinburgh Tech. C.,18263
26147,長春高工,755
26673,Yenching University 燕京大學,410
26676,National University of Ireland,26680
27147,University of Cambridge (Cambridge U.),15299
27166,法國巴黎亨利俄航空,1948
27199,晉綏兵工築路局傳習所,726
27509,Polytech C.,125
27545,Mecanique S. E. E.,159
27717,Centrale M. A. E.,159
27770,日本東亞鐵道學校,258
27988,法國國立礦務大學,NA
28081,焦作礦務專校,3074
28460,Technische Hochschule Charlottenburg (Charlottenburg T. H.),432
28530,Rowin E.,159
28532,Toulouse C. U.,6103
28579,日本熊本大學,24843
28731,日本中央工科學校,258
29082,湖北工業專校,68
29220,"Iowa State College of Agriculture and Mechanic (Iowa Agr. & Mech. A. C., Iowa Agr. & M. A. C., Iowa A. M. A. C.)",182
29249,日本福岡明治專門學校,29091
29428,The Hague U.,29429
29539,University of Akron/ Akron U.,137
29634,University of Rochester,29635
29803,Douai I. A. E.,29804
30193,Kiel University,30194
30314,山西工業學院,743
30398,Liverpool University,30399
30474,比國南海工科大學,2753
30772,交通部唐山鐵路學校/交通部唐山鐵路學堂,445
31031,Batiment T. E.,159
31168,Bordeaux University,31169
31171,Breslau University,4018
31371,陝西大學,2596
31416,Radio Institute of America,1387
31478,University of Lille,31479
31951,Mapúa Institute of Technology (Mapúa I. T. / Mapua I. T./菲律濱 Mapua I. T.),31952
32000,University of Notre Dame,228
32224,日本高等工業學校,258
32646,郵傳部唐山路礦學堂,445
32667,日本鹿島高工,258
32832,P. T. T. E. S.,NA
33145,Hamburg T. H.,33146
33231,Zurich U.,33233
33389,Montana University,33390
33534,N. Y. College,NA
33611,Rennes U.,33612
33732,Pratt Institute (Pratt I.),8693
34021,法國巴黎航空機械專校,159
34468,Greer A. E. S.,1387
34865,Detroit Law C.,34866
35224,Goldsmiths College,3067
35255,河南工程專校,66
35792,Ypres U.,35793
35838,G. E. I.,159
35984,Marquette U.,35985
36236,國立勞動大學,877
36730,日本橫濱高工,17969
36751,河南大學,717
36894,郵傳部電報測量學堂,NA
36896,電報高等學堂,NA
37312,Manitoba U.,37313
37738,Battersea P. T.,125
37910,巴黎航空工程學校,1948
38101,Louis U.,1387
38106,Deutsches Institut für Zuckerindustrie,432
38400,Heald Eng. C.,NA
39350,北洋文學院,427
39613,Kansas S. Agr. C.,161
39737,Köthen Gewerbe H.,21149
40059,德國佛家城工業大學,40060
40187,日本福岡明治工業學校,29091
40430,Technikum Mittweida,40431
40812,Charleroi  飛機製造廠,3064
40928,柏林地質調查所,432
41192,日本東亞鐵道專門學校,258
41253,日本福岡明治工業専門學校,29091
41336,Marseille I. E.,41337
41437,湖南高級工業學校 (湖南高工),67
41630,江西工業專科學校,70
41649,北平中華汽爐廠,410
41726,雷士德學院,NA
41973,Bruxelles L. U.,3060
42019,江蘇第一工業學校,71
42048,日本鐵道局教習所附設高等專門學校,258
42524,燕京大學研究所 (燕京大學研究院),NA
43049,Verreries S. M. E.,159
43068,Java U.,1850
43300,山西公立工專,76
44085,Waseda University 日本早稻田大學,604
44220,中央防空學校,999
44229,Valparaiso U.,12065
44589,University of New Hampshire,154
44776,美 Wooster U.,44777
44779,Ohio U.,26744
44887,山西省立工專,76
45181,Royal Marines S.,NA
45245,美 Detroit Edison Co. Research Dept.,34866
45488,Armour Institute of Technology,12065
45521,Northwest Test Lab,NA
45594,湖南礦產化驗所,67
45691,Grenoble S. E. E.,1370
45957,山東公立礦業專校,77
45969,東三省無線電專門學校,NA
46066,Clermont U.,46067
46209,Hamline U.,46210
46464,日本福岡明治專校,29091
46522,Mellon I. I. R.,1387
46643,Lincoln University,NA
46713,湖南高等實業學堂,67
47079,日本國立工業大學,258
47146,江蘇第一工專,71
47392,浙江工學院,62
47710,麥基爾大學,47711
48111,Albany C.,45858
48244,日本秋田鑛山專門學校,729
48542,河北工業學校,63
48679,福中鑛務大學,NA
48696,南陽大學,9772
48973,交通大學研究所,NA
49247,University of Detroit,34866
49391,經濟委員會公路工程司訓練班,NA
49683,Downing College,1387
49728,日本鐵道院東亞鐵道專門學校,258
49871,Dodge Radio S.,1387
50200,Tri-State College,50201
50638,日本東京工科大學,604
50776,南昌航空機械學校高機班,522
50811,杭州飛機製造廠,999
50899,Missouri M. S.,271
51010,日本東京帝國大學工學部,604
51124,G. E. Co. 研究所,NA
51340,R. Tech. C.,125
52277,美國都林工學院,1387
53032,中央大學電話及無線電試驗室,90
53262,廣東工專,74
53304,Indiana University,228
53400,University of Idaho,53401
54023,Arlon Metiers A. E.,2753
54446,Bristol Flying School,54447
54483,Virginia P. I.,268
54996,Ypres 省立工專,35793
55176,Trinity College (Trinity C.),45807
56177,比國維爾東高等工業專校,2753
56464,N. Y. Ceramics S.,146
56963,Braunschweiger T. H.,56964
56967,Rheinland F. S.,56968
57600,"Texas C,",264
58130,法國北方工科大學,159
58662,日本福岡工專,29091
58736,Alger U.,159
58884,Mulhouse 紡織專門學校,2279
58929,Bethel College,58930
59126,河北工專,63
59261,軍委會交通研究所,NA
59433,日本大阪帝國大學,551
59716,Michigan S. Auto. S.,35382
60331,法國礦務大學,159
60763,柏林水泥研究所,432
60954,江蘇鐵路學堂,90
61033,同德大學,NA
61630,中央研究院鋼鐵研究所研究,NA
62430,南京高等師範工專,90
62579,北平大學電波研究所,410
62818,德 Junkers 飛機製造廠,121
63049,Bruxelles U.,3060
63086,日本東京東亞學校,604
63406,江西省立工專,70
63409,Vienna University,63411
64000,Cleveland U.,33834
64221,湖南高等鐵路學校,67
64398,直隸公立工專,63
64597,浙江甲種工業學校,62
64983,意國皇家都林大學,6318
65242,Academia Sinica 中央研究院,NA
65314,武昌大學,1036
65470,軍委會無線電工程師養成所,NA
65472,美國國家標準線局無線電研究所,1387
66031,Calif. P. C.,130
66531,南洋路礦學校,877
66717,德國柏林電信研究院,432
67274,郵傳部上海高等實業學堂,877
67671,山西工業專門學校,76
67776,Enfield Lock 槍砲學堂,3067
68162,專科以上學校,NA
68164,全國經委會公路處工程師訓練班,NA
68231,實業部全國度量衡檢定人員養成所,NA
68249,河南省立水利工專,66
68288,日本鐵道省鐵道專門部,258
68447,University of Southampton,68448
68871,比國威干東高等機械專校,2753
68902,Utah U.,68904
69519,江蘇省立工業專校,71
69535,江蘇省立高工,71
69606,寧波工專,1736
70078,Beijing University 北京大學,410
71424,北京陸軍測繪學堂,410
71458,日本廣島高工,2106
71678,北京師範大學,410
71729,蘇俄莫斯科陸軍大學,22253
72048,北京工業學校,410
72121,Whitworth C.,1387
72546,巴黎工程大學,1948
72549,北洋機器局圖算學堂,NA
72557,比國崗省大學,2753
72561,法國京都工程專門學校,159
72569,比利時京城大學,2753
72573,福州鶴齡大學,419
72581,巴黎橋路大學,1948
72584,北洋武備大學校,NA
72603,美國函授學校,1387
72609,唐山路鑛學校,445
72621,庚卜立大學,125
72633,黃埔水陸師學堂,5031
72639,本薛佛大學,1387
72645,巴黎專門工程學校,1948
72650,青島大學校,2331
72675,俄京鐵路大學,NA
72689,香港皇仁書院,1072
72812,University of British Columbia (UBC),72813
72844,蘆漢鐵路學堂,427
72873,福州馬江船政學堂,419
72922,英國達蘭大學,125
72943,美國烏哈合大學,1387
72967,萬國函授學校,1387
73013,北海海軍學校,NA
73127,英國普球大學,125
73132,蘇州府中學堂,1315
73139,京漢鐵路學堂,NA
73145,津甫高等工業專門學校,NA
73162,南洋中學,877
73169,山東鐵路學堂,77
73177,廣東工業學校,350
73190,瑞士鹿山省國立大學,2240
73199,三省商辦鐵路學校,NA
73203,福建高等學校,61
73207,江蘇高等學校,71
73212,萍鄉礦務學校,388
73223,香港實業學校,1072
73318,四川鐵道學校,1434
73324,江蘇工業專門學校,71
73358,廣東中學,350
73376,漢口博學書院,2380
73448,土虞算學專修學校,NA
73454,日本東京路鑛學校,604
73457,湖南武備學堂,67
73460,青島特別高等專門學校,2331
73464,日本路鑛學校,258
73482,明誠專門學校,NA
73545,徐家匯公學,877
73548,巴黎建築專門學校,1948
73559,全國水利河海工程學校,66
73587,樾閣公學,21499
73613,杭州養正學堂,999
73617,天津新建陸軍隨營學校,427
73635,湖北鐵路學校,68
73642,赤城測繪學堂,NA
73729,江蘇省第二工業學校,71
73739,浙江高等鐵路學校,NA
73802,上海英華書院,877
73837,四川法文學堂,1434
73841,湖北測繪學校,68
73861,上海三省鐵路學堂,877
73873,全贛鐵路學校,70
73877,東西學堂,NA
74084,香港皇家機器船廠青年會,1072
74091,巴黎公立機器專校,1948
74095,香港黃浦船澳學堂,1072
74099,通州師範學堂,34574
74108,北洋機器局,NA
74115,美國張蘇委寅省師範學校,135
74131,University of Nottingham,74132
74139,法國巴黎電機大學,1948
74158,北法工程學校,159
74201,美國省實業大學,1387
74206,江西萍鄉鑛務學堂,388
74215,特而姆大學,NA
74225,法國那合舍兒海軍工廠學校,159
74228,美國陸軍大學,1387
74232,德國礮兵工科大學,121
74239,比國海南大學,2753
74280,比國黎業斯商業大學,2753
74287,高等工業學校,NA
74302,武昌文華大學,1036
74319,上海漢壁禮學堂,877
74365,"Preparatory Department, Government Institute of Technology (G. I. T.) 交通部上海工業專門學校",877
74370,江蘇第三省立中學,71
74372,St. Dominic's College 揚光學校,419
74374,Foochow Technical College 福建公立工業專門學校,419
74377,"Preparatory Department, Tangshan College",445
74380,"Preparatory Department, Nanyang College (Shanghai Jiaotong University)",NA
74383,The Government Preparatory School of Honan,66
74393,La Academio Utopia 大同大學,877
74401,"Preparatory Department, Nankai University",427
74407,Shanghai High School,877
74409,Hua Yang Middle School,NA
74417,天津南開中學,427
74426,"Preparatory Department, St. John's University 聖約翰大學",877
74432,Pootung Middle School 浦東中學,1322
74522,College of Agriculture,74523
74570,Ochu College,71922
74584,Ningpo Baptist Middle School,1736
74740,Yale College,590
74745,The Preparatory Department of Imperial Polytechnic College,877
74780,Tangshan Engineering and Mining College,445
74804,Amoy Anglo-Chinese College,886
74836,Yunnan Provincial Electrical College,81
74842,Universite Aurore,877
74844,Ecole Poly-Technique,1948
74865,"Williston Seminary, Easthampton",144
75083,Yu Teh School,12923
75142,Government Middle School,1036
75188,Victoria University,18263
75217,Nanking Naval Academy,90
75306,Chefoo Naval Academy,6947
75308,Peking Aviation School,410
75310,Vickers and Rolls-Royce Factories,27510
75312,Army Service School at Arcadia,20109
75314,"Kelly Field, Texas and Post Field",178
75350,Conservancy Engineering College,90
75431,Soochow Anglo-Chinese School,1315
75664,Shanghai Arsenal School,877
75905,Episcopal High School of Virginia,268
75964,Anhwei High School,60
75987,Hsin-Yuan Middle School,522
76733,Brooklyn Collegiate and Polytechnic Institute,8693
77043,Bliss Electrical School,185
77068,法國梭米耳高等工業専門學校,159
77109,美國杜克大學,77111
77128,University of Kentucky,74782
77156,比國列日省大學,2753
77177,上海兵工廠兵工專門學校,877
77239,比國黎受日大學,2753
78002,Nippon Institute of Technology 東京工科學校 (東京工業學校/東京高等工科學校),604
