employer_name,parent_name,employer_id,parent_id,location_id
Air Force Aeronautical Industry Bureau 空軍航空工業局,NA,88612018,NA,88600003
Changhua Xizhou Taiwan Sugar Company 彰化溪州臺灣糖業公司,NA,88612019,NA,88600001
Chiayi China Petroleum Corporation 嘉義中國石油公司,NA,88612020,NA,88600004
China Broadcasting Corporation 中國廣播公司,NA,88612021,NA,88600014
China Petroleum Corporation 中國石油公司,NA,88612022,NA,88600014
Government Bureau of Public Works 政府工務局,NA,88612023,NA,88600003
Hsinchu Taiwan Fertilizer Company 新竹臺灣肥料公司,NA,88612024,NA,88600006
Hualien Taiwan Power Company 花蓮臺灣電力公司,NA,88612025,NA,88600009
Joint Logistics Command 聯勤總部,NA,88612026,NA,88600014
Kaohsiung Harbor Bureau 高雄港務局,NA,88612027,NA,88600010
Keelung Harbor Bureau 基隆港務局,NA,88612028,NA,88600011
Keelung Jinguangshi Gold and Copper Mining Bureau 基隆金瓜石金銅鑛務局,NA,88612029,NA,88600011
Miaoli China Petroleum Corporation 苗栗中國石油公司,NA,88612030,NA,88600007
Ministry of Economic Affairs 經濟部,NA,88612031,NA,88600014
Ministry of Transportation 交通部,NA,88612032,NA,88600014
National Cheng Kung University 臺灣省立成功大學,NA,88612033,NA,88600013
National Taiwan University 國立臺灣大學,NA,88612034,NA,88600014
Pingtung Taiwan Sugar Company 屏東臺灣糖業公司,NA,88612035,NA,88600012
Tainan Anshun Taiwan Alkali Corporation 臺南安順臺灣鹼業公司,NA,88612036,NA,88600013
Tainan Madou Taiwan Sugar Company 臺南麻豆臺灣糖業公司,NA,88612037,NA,88600013
Tainan Xinyi Taiwan Sugar Company 臺南新營臺灣糖業公司,NA,88612038,NA,88600013
Taipei Ruifang Taiwan Metal Mining Company 臺北瑞芳臺灣金屬鑛業公司,NA,88612039,NA,88600014
Taipei Songshan Joint Logistics Command Headquarters 臺北鬆山聯勤總部,NA,88612040,NA,88600014
Taiwan Alkali Corporation 臺灣鹼業公司,NA,88612041,NA,88600010
Taiwan Aluminum Corporation 臺灣鋁業公司,NA,88612042,NA,88600010
Taiwan Cement Corporation 臺灣水泥公司,NA,88612043,NA,88600014
Taiwan Fertilizer Company 臺灣肥料公司,NA,88612044,NA,88600010
Taiwan Machinery Company 臺灣機械公司,NA,88612045,NA,88600013
Taiwan Mining Corporation 臺灣工礦公司,NA,88612046,NA,88600014
Taiwan Power Company 臺灣電力公司,NA,88612047,NA,88600014
Taiwan Provincial Industrial Research Institute 臺灣省工業試驗所,NA,88612048,NA,88600014
Taiwan Provincial Tobacco and Wine Monopoly Bureau 臺灣省菸酒公賣局,NA,88612049,NA,88600012
Taiwan Provincial Water Resources Bureau 臺灣省水利局,NA,88612050,NA,88600014
Taiwan Railway Administration Bureau 臺灣鐵路管理局,NA,88612051,NA,88600014
Taiwan Shipbuilding Corporation 臺灣造船公司,NA,88612052,NA,88600011
Taiwan Sugar Corporation 臺灣糖業公司,NA,88612053,NA,88600013
Yilan Suao Taiwan Cement Corporation 宜蘭蘇澳臺灣水泥公司,NA,88612054,NA,88600016
Yunlin Hutou Taiwan Sugar Company 雲林虎尾臺灣糖業公司,NA,88612055,NA,88600005
三塊厝高雄合板公司,NA,88612056,NA,88600010
三民區日昌公司,NA,88612057,NA,88600010
下橋仔頭臺灣火柴公司,NA,88612058,NA,88600003
下橋子頭天源公司,NA,88612059,NA,88600003
世界書局,NA,88612060,NA,NA
中原埋工學院,NA,88612061,NA,NA
中原理工學院,NA,88612062,NA,88600010
中和鄕中興電機工廠,NA,88612063,NA,88600014
中國力覇鋼架公司,NA,88612064,NA,88600014
中國右油公司,NA,88612065,NA,88600010
中國生產力中心,NA,88612067,NA,88600014
中國磷業公司,NA,88612069,NA,88600010
中國諼播公司,NA,88612070,NA,88600003
中國銅敲公司,NA,88612071,NA,NA
中央信託局,NA,88612072,NA,88600014
中央通訊社電務部,NA,88612073,NA,88600014
中央銀行,NA,88612074,NA,88600014
中德貿易公司,NA,88612075,NA,88600014
中本紡織公司,NA,88612076,NA,88600014
中油公司,NA,88612077,NA,88600014
中瀝電信硏究所,NA,88612078,NA,NA
中煤開發公司,NA,88612079,NA,88600014
中窗石油公司,NA,88612080,NA,88600014
中聯化工廠,NA,88612081,NA,88600010
中興大學,NA,88612082,NA,88600003
中華工程公司,NA,88612083,NA,88600010
中華航空公司,NA,88612084,NA,88600014
中華貿易開發公司,NA,88612085,NA,NA
中華造漆公司,NA,88612086,NA,88600014
中華顧問公司,NA,88612087,NA,88600014
中農銀行,NA,88612088,NA,88600010
久大紙業公司,NA,88612089,NA,88600014
之一新中國打撈公司,NA,88612090,NA,88600014
乾臺灣糖業公司,NA,88612091,NA,NA
亞洲航空公司,NA,88612094,NA,88600013
交大電子研究所,NA,88612095,NA,NA
交通大學,NA,88612096,NA,88600006
交通銀行,NA,88612107,NA,88600014
亮南縣善化鎮部,NA,88612108,NA,NA
人造雨研究所,NA,88612109,NA,88600014
儂工礦器材公司,NA,88612110,NA,NA
內政部,NA,88612111,NA,88600014
八內八氏貝慟懷中止埋工學院,NA,88612112,NA,NA
八堵區臺灣工礦公司,NA,88612113,NA,88600011
公共工程局,NA,88612116,NA,NA
公賣局,NA,88612117,NA,88600004
公質局,NA,88612118,NA,88600012
六一一聽臺北瓦斯公司,NA,88612119,NA,88600014
冰上部,NA,88612122,NA,NA
凝灣鐵路局,NA,88612123,NA,NA
凰梨分公司,NA,88612124,NA,NA
刃陽人陝貝闞林中正理工學院,NA,88612125,NA,NA
前鎮區臺鹼公司,NA,88612126,NA,88600010
前鎮臺灣鹼業公司,NA,88612127,NA,88600010
副產感臺北擊霸您政一書聽真燔公司,NA,88612128,NA,NA
力行建築師事務所,NA,88612129,NA,88600014
加拿大溫古華大學,NA,88612130,NA,NA
北廻鐵路隧道第二施工所,NA,88612131,NA,NA
北投區北投郵局,NA,88612132,NA,88600014
北投區石牌榮民總醫院,NA,88612133,NA,88600014
北投空灣工礦公司,NA,88612134,NA,88600015
北投臺灣工礦公司,NA,88612135,NA,88600015
北投臺灣工酸公司,NA,88612136,NA,88600015
區中國石油公司,NA,88612137,NA,88600010
南投埔皇臺灣電力公司,NA,88612138,NA,88600002
南投埔裏臺灣電力公司,NA,88612139,NA,88600002
南投埔裡臺灣省菸酒公賣局,NA,88612140,NA,88600002
南投埔裡臺灣糖業公司,NA,88612141,NA,88600002
南投埔裡臺灣電力公司,NA,88612144,NA,88600002
南投埔車臺灣電力公司,NA,88612145,NA,88600002
南投水裏臺灣電力公司,NA,88612146,NA,88600002
南投水裡坑臺灣省林産管理局,NA,88612148,NA,88600002
南投水裡坑臺灣電力公司,NA,88612149,NA,88600002
南投臺灣糖業公司,NA,88612150,NA,88600002
南投集集臺灣省水利局,NA,88612151,NA,88600002
南機場所,NA,88612152,NA,88600014
南港區研究院,NA,88612155,NA,88600007
南港研究院,NA,88612156,NA,88600014
南港郵局,NA,88612157,NA,NA
南癱甫船公司,NA,88612158,NA,88600014
南語期膠公司,NA,88612159,NA,NA
卜內門公司,NA,88612160,NA,88600014
友力貿易公司,NA,88612161,NA,NA
可臺灣大雪山林業股份有限公司,NA,88612162,NA,NA
右灣電力公司,NA,88612163,NA,88600014
吉灣省菸酒公賣局,NA,88612164,NA,88600014
吉臺灣機械公司,NA,88612165,NA,88600010
和平島殷臺造船公司,NA,88612166,NA,88600011
和平島臺灣浩船公司,NA,88612167,NA,88600011
和平島臺灣造船公司,NA,88612168,NA,88600011
和平島臺船公司,NA,88612169,NA,88600011
唐榮公司,NA,88612170,NA,88600010
唐榮鐵工廠,NA,88612171,NA,88600010
商品檢驗局,NA,88612172,NA,88600009
喜中縣鹿港銅天香化工廠,NA,88612173,NA,NA
喜港丁健公司,NA,88612174,NA,NA
嘉南紡熾公司,NA,88612175,NA,88600013
嘉南紡織公司,NA,88612176,NA,88600013
嘉新水泥公司,NA,88612177,NA,88600014
嘉義南靖臺灣糖業公司,NA,88612178,NA,88600004
嘉義大林臺灣糖業公司,NA,88612179,NA,88600004
嘉義工礦公司,NA,88612180,NA,88600004
嘉義布袋臺灣製鹽總廠布袋副產品工場,NA,88612181,NA,NA
嘉義機械廠臺南工廠,NA,88612182,NA,88600013
嘉義溶劑廠人造雨研究所,NA,88612183,NA,88600004
嘉義縣政府建設局,NA,88612184,NA,88600004
嘉義臺灣工礦公司,NA,88612185,NA,88600004
嘉義臺灣省林產管理局,NA,88612186,NA,88600004
嘉義臺灣省立嘉義工業職業學校,NA,88612187,NA,88600004
嘉義臺灣省菸酒公賣局,NA,88612188,NA,88600004
嘉義臺灣糖業公司,NA,88612189,NA,88600004
嘉義臺灣農工企業公司,NA,88612190,NA,88600004
嘉義臺灣電力公司,NA,88612194,NA,88600004
嘉義蒜頭臺灣糖業公司,NA,88612195,NA,88600004
嘉羲蒜安臺灣糖業公司,NA,88612196,NA,88600004
嚴灣機業公司,NA,88612199,NA,88600010
四川土產公司,NA,88612200,NA,88600014
國營招商局,NA,88612201,NA,NA
國立大學,NA,88612205,NA,88600014
國立成功大學,NA,88612206,NA,88600013
國立清華大學,NA,88612207,NA,88600014
國立臺醫大學,NA,88612210,NA,NA
國立蜀大學,NA,88612211,NA,NA
國防部,NA,88612212,NA,88600014
國際工業職業學校,NA,88612213,NA,88600010
土地銀行,NA,88612214,NA,88600014
城臺灣糖業公司,NA,88612215,NA,88600013
基泰工程公司,NA,88612216,NA,88600014
基産機被造船公司,NA,88612217,NA,NA
基矗肥料公司,NA,88612218,NA,NA
基隆七堵大東工業公司,NA,88612219,NA,88600011
基隆八堵中國石油公司,NA,88612222,NA,88600011
基隆八堵臺灣工礦公司,NA,88612223,NA,88600011
基隆和平島臺船公司,NA,88612230,NA,88600011
基隆擊基隆港務局,NA,88612231,NA,88600011
基隆汐定臺灣工礦公司,NA,88612232,NA,NA
基隆汐止地政事務所,NA,88612233,NA,88600011
基隆汐止臺灣工發公司,NA,88612234,NA,88600011
基隆汐止臺灣工礦公司,NA,88612235,NA,88600011
基隆海洋學院,NA,88612236,NA,88600011
基隆港勝局,NA,88612237,NA,88600011
基隆瑞芳臺灣工礦公司,NA,88612238,NA,88600011
基隆肥料公司,NA,88612239,NA,88600011
基隆臺灣肥料公司,NA,88612240,NA,88600011
基隆臺灣造船公司,NA,88612241,NA,88600011
基隆臺鹽幾被造船公司,NA,88612242,NA,88600011
基隆金弧石臺譴銅鑛公司,NA,88612243,NA,88600011
基隆金瓜石金錮鑛務局,NA,88612244,NA,88600011
基隆金鳳石金銅鑛務局,NA,88612245,NA,88600011
基隆電力公司,NA,88612246,NA,88600011
境臺灣糖業公司,NA,88612248,NA,88600013
墘臺灣糖業公司,NA,88612249,NA,88600013
墟臺灣糖業公司,NA,88612250,NA,88600013
壁北帀陸軍兵工學校,NA,88612251,NA,NA
壁印巾國尤略中興大學,NA,88612252,NA,NA
壊臺灣糖業公司,NA,88612253,NA,88600013
士務局,NA,88612254,NA,88600014
士林區士林紙業公司,NA,88612255,NA,88600014
大同公司,NA,88612256,NA,88600014
大同工學院,NA,88612257,NA,88600014
大同工業職業學校,NA,88612259,NA,NA
大同製鋼機械公司,NA,88612260,NA,88600014
大地建築師事務所,NA,88612261,NA,88600014
大東士業公司,NA,88612262,NA,88600011
大東工業公司,NA,88612263,NA,88600011
大華企業公司,NA,88612264,NA,88600010
宜蘭五結臺灣紙業公司,NA,88612265,NA,88600016
宜蘭縣蘇澳鎮新城裡東南鹼業公司,NA,88612266,NA,88600016
宜蘭羅東林產管理局,NA,88612267,NA,88600016
宜蘭羅東臺灣林產管理局,NA,88612268,NA,88600016
宜蘭羅東臺灣省水利局,NA,88612269,NA,88600016
宜蘭羅東臺灣紙業公司,NA,88612270,NA,88600016
宜蘭羅東臺灣肥料公司,NA,88612271,NA,88600016
宜蘭羅東臺週省水利局,NA,88612272,NA,88600016
宜蘭聯勤總部,NA,88612273,NA,88600016
宜蘭臺灣省水利局,NA,88612274,NA,88600016
宜蘭蘇澳嘉澧水泥公司,NA,88612279,NA,88600016
宜蘭蘇澳臺戀水泥公司,NA,88612280,NA,88600016
宜蘭蘇諛臺灣水泥公司,NA,88612281,NA,88600016
宜闌蘇澳臺灣水泥公司,NA,88612282,NA,NA
宣蘭蘇澳臺灣水泥公司,NA,88612283,NA,NA
室灣肥料公司,NA,88612284,NA,NA
室目我蛇歸漢一額臺南亞航公司,NA,88612285,NA,NA
富北本町公共工程局,NA,88612286,NA,NA
審計部,NA,88612287,NA,88600014
寶豐公司,NA,88612288,NA,88600014
專讖宵縣公司,NA,88612289,NA,88600014
專費局,NA,88612290,NA,NA
屏京臺灣糖業公司,NA,88612291,NA,NA
屏朿臺灣糖業公司,NA,88612292,NA,88600012
屏東溪州臺灣糖業公司,NA,88612295,NA,88600012
屏東臺湖糖業公司,NA,88612296,NA,88600012
屏東臺灣工礦公司,NA,88612297,NA,88600012
屏東臺灣省水利局,NA,88612298,NA,88600012
屏東臺灣省菸酒公賣局,NA,88612299,NA,88600012
屏東臺灣綺業公司,NA,88612300,NA,88600012
屏東臺灣電力公司,NA,88612303,NA,88600012
屏東臺遹糖業公司,NA,88612304,NA,88600012
屏東臺電公司,NA,88612305,NA,88600012
屏東農業專學校,NA,88612306,NA,88600012
屏東電信局,NA,88612307,NA,88600012
屛東臺灣省菸酒公賣局,NA,88612308,NA,88600012
屛東臺灣糖業公司,NA,88612309,NA,88600012
嶷中梧棲臺中港工程局,NA,88612310,NA,NA
巖東縣政府建設局,NA,88612311,NA,NA
工信工程公司,NA,88612312,NA,88600014
工務局,NA,88612313,NA,88600014
工技院工業研究所,NA,88612314,NA,88600006
工業技術研究院,NA,88612315,NA,NA
工礦公司,NA,88612316,NA,88600014
工礦器材公司,NA,88612317,NA,88600014
工礦處公共工程局,NA,88612318,NA,NA
巨汽車技術員訓練中心,NA,88612319,NA,NA
延平北路鐵路局,NA,88612320,NA,88600014
建臺水泥公司,NA,88612322,NA,88600014
建設化學工業工程事務所,NA,88612323,NA,88600014
建設局,NA,88612324,NA,88600010
彭化溪州臺灣糖業公司,NA,88612325,NA,88600001
彰化中寮臺灣建業公司,NA,88612326,NA,88600001
彰化中寮臺灣糖業公司,NA,88612327,NA,88600001
彰化化溪州臺灣糖業公司,NA,88612328,NA,88600001
彰化員林基灣省水利局,NA,88612329,NA,88600001
彰化員林臺灣省水利局,NA,88612330,NA,88600001
彰化員林臺灣省糖業公司,NA,88612331,NA,88600001
彰化溪州釜灣糖業公司,NA,88612332,NA,88600001
彰化溪洲臺灣糖業公司,NA,88612333,NA,88600001
彰化溪湖臺灣將業公司,NA,88612334,NA,88600001
彰化溪湖臺灣糖業公司,NA,88612335,NA,88600001
彰化縣中寮臺糖彰化副產工廠,NA,88612336,NA,88600001
彰化臺灣糖業公司,NA,88612337,NA,88600001
彰化銀行,NA,88612343,NA,88600003
復興木業公司,NA,88612344,NA,88600010
心秘麗萬笹風幻量灣金屬曠菜中心,NA,88612345,NA,NA
志信鐵工廠,NA,88612346,NA,88600014
憂網大溪員樹林中正理工學院,NA,88612347,NA,NA
懐特工程公司,NA,88612348,NA,88600014
懷特工程公司,NA,88612349,NA,88600014
懸噴萬顔金瓜石臺金公司,NA,88612350,NA,NA
成功大學,NA,88612351,NA,88600013
成大電機研究所,NA,88612354,NA,88600013
招商局輪船公司,NA,88612357,NA,NA
振中建第師事務所,NA,88612359,NA,NA
振中建築師事務所,NA,88612360,NA,88600014
政府地政事務所,NA,88612361,NA,88600011
政府工程局,NA,88612362,NA,88600014
政府建設局,NA,88612363,NA,88600010
教育部,NA,88612364,NA,88600014
斑灣鐵路管理局,NA,88612365,NA,88600014
新加坡南洋大學,NA,88612366,NA,NA
新城鄕亞洲水泥公司,NA,88612367,NA,88600009
新店直潭裡下石厝直潭施工所,NA,88612368,NA,NA
新營臺灣糖業公司,NA,88612369,NA,NA
新營臺灣紙業公司,NA,88612370,NA,NA
新竹工礦公司,NA,88612371,NA,88600006
新竹清大原子科學研究所,NA,88612372,NA,88600006
新竹清華大學,NA,88612373,NA,88600006
新竹玻璃公司,NA,88612374,NA,88600014
新竹省立工業職業學校,NA,88612375,NA,88600006
新竹研研究所,NA,88612376,NA,88600006
新竹研究所,NA,88612377,NA,88600006
新竹竹東新竹玻璃廠竹東工廠,NA,88612378,NA,88600006
新竹竹東臺灣鐵路管理局,NA,88612379,NA,88600006
新竹竹東鎮鐵路局,NA,88612380,NA,88600006
新竹縣新竹煤礦局,NA,88612384,NA,88600006
新竹臺灣工礦公司,NA,88612385,NA,88600006
新竹臺灣工酸公司,NA,88612386,NA,88600006
新竹臺灣工険公司,NA,88612387,NA,88600006
新竹臺灣省工礦公司,NA,88612388,NA,88600006
新竹臺灣省水利局,NA,88612389,NA,88600006
新竹臺灣省立新竹工業職業學校,NA,88612390,NA,88600006
新竹臺灣糖業公司,NA,88612391,NA,88600006
新竹臺灣胞料公司,NA,88612393,NA,88600006
新竹臺灣電力公司,NA,88612397,NA,88600006
新竹臺肥新竹廠尿素工場,NA,88612399,NA,88600006
新竹香山臺灣玻璃公司,NA,88612402,NA,88600006
施工所,NA,88612403,NA,NA
日本東京招商局輪船公司,NA,88612404,NA,NA
日雄小港中國造船廠榮工處施工所,NA,88612405,NA,NA
明正建築師事務所,NA,88612406,NA,88600016
明正建築師事底所,NA,88612407,NA,88600016
朝電力公司,NA,88612408,NA,NA
木柵溝子口民用航空局,NA,88612409,NA,88600014
木柵溝子口考選部,NA,88612410,NA,NA
木柵臺電公司,NA,88612411,NA,88600014
李長榮木業工廠,NA,88612412,NA,88600014
東光鋼鐵機械公司,NA,88612413,NA,88600014
東南鹼業公司,NA,88612414,NA,88600014
東海大學,NA,88612415,NA,88600003
桃園中展郵局,NA,88612416,NA,88600008
桃園中振私立中原理工學院,NA,88612417,NA,88600008
桃園中正理工學院,NA,88612418,NA,88600008
桃園反共義士生產輔導所,NA,88612419,NA,88600008
桃園員樹林中正理工學院,NA,88612420,NA,NA
桃園坎子腳中國紡織公司,NA,88612421,NA,88600008
桃園塚子腳雍興實業公司,NA,88612422,NA,88600008
桃園大溪中正理工學院,NA,88612423,NA,88600008
桃園大溪員樹林中正理工學院,NA,88612424,NA,88600008
桃園大秦紡織公司,NA,88612425,NA,88600008
桃園崁子腳中國紡織公司,NA,88612426,NA,88600008
桃園崁子腳中國紡織建設公司,NA,88612427,NA,88600008
桃園崁子腳中紡公司,NA,88612428,NA,88600008
桃園崁子腳雍興實業公司,NA,88612429,NA,88600008
桃園崁談子腳雍興實業公司,NA,88612430,NA,88600008
桃園楊梅啟信實業公司,NA,88612431,NA,88600008
桃園縣中曬鎮中原理工學院,NA,88612432,NA,88600008
桃園縣大溪中正理工學院,NA,88612433,NA,88600008
桃園縣大溪員樹林中正理工學院,NA,88612434,NA,88600008
桃園縣大溪樹林中正理工學院,NA,88612435,NA,88600008
桃園縣大秦紡織公司,NA,88612436,NA,88600008
桃園縣崁子腳中紡公司,NA,88612437,NA,88600008
桃園縣崁子腳雍興紡織公司,NA,88612438,NA,88600008
桃園縣楊梅鎮啟信化工廠,NA,88612439,NA,88600008
桃園縣私立中原理工學院,NA,88612440,NA,88600008
桃園縣臺灣省反共義士生產輔導所,NA,88612441,NA,88600008
桃園縣龍潭鄕石管局,NA,88612442,NA,88600008
桃園縣龍潭鄕石門水庫管理局,NA,88612443,NA,88600008
桃園貨貝惘懷中正理丄學院,NA,88612444,NA,88600008
桃園龍潭石門管理局,NA,88612445,NA,88600008
桃園龜山工業區新興電子公司,NA,88612446,NA,88600008
楠梓金屬發展中心,NA,88612447,NA,88600010
榜膠公司,NA,88612448,NA,NA
榮工處左營工務所,NA,88612449,NA,88600010
樹林臺灣菸酒公賣局,NA,88612450,NA,88600014
機器公會,NA,88612451,NA,88600014
檢驗局,NA,88612452,NA,88600014
殷臺造廠公司,NA,88612453,NA,88600011
殷臺造船公司,NA,88612454,NA,88600011
毫北帀延牛北路灣鐵路管理局,NA,88612455,NA,NA
毫東縣成功饋新港測候所,NA,88612456,NA,NA
毫灣煥膠公司,NA,88612457,NA,NA
毫跑肥料公司,NA,88612458,NA,NA
毫避業研究所,NA,88612459,NA,NA
民用航空局,NA,88612460,NA,88600014
民航局,NA,88612461,NA,88600014
水利局,NA,88612462,NA,88600012
永豐工業公司,NA,88612463,NA,88600014
求是建築師事務所,NA,88612464,NA,88600014
泰國曼谷聯合國遠東防洪局,NA,88612465,NA,88600017
海洋學院,NA,88612466,NA,88600011
海軍機械學校,NA,88612467,NA,88600010
海軍造船所,NA,88612470,NA,88600010
海軍電工廠,NA,88612471,NA,88600010
淒南安平臺漫礦業公司,NA,88612472,NA,NA
淡江文理學院,NA,88612473,NA,88600014
清華大學,NA,88612474,NA,88600006
港臺灣省水利局,NA,88612477,NA,88600005
濠北臺隱製糖公司,NA,88612478,NA,NA
王林縣斗六能喜輻公司,NA,88612481,NA,NA
瑩灣大學,NA,88612482,NA,NA
白灣鐵路管理局,NA,88612483,NA,88600014
盛灣電力公司,NA,88612484,NA,88600014
省立成功大學,NA,88612485,NA,88600013
省立海洋學院,NA,88612486,NA,88600011
矗北本町公共工程局,NA,88612487,NA,NA
石嘴榮民總醫院,NA,88612488,NA,88600014
砲電力公司,NA,88612489,NA,NA
硒工礦器材公司,NA,88612490,NA,NA
硫酸錏公司,NA,88612491,NA,88600010
票灣鐵路管理局,NA,88612492,NA,NA
福成煤業公司,NA,88612493,NA,NA
私立大同工學院,NA,88612494,NA,88600014
私立東海大學,NA,88612495,NA,88600003
私立逢甲工商學院,NA,88612496,NA,NA
科學資料中心,NA,88612497,NA,88600014
空罩實驗工廠,NA,88612498,NA,88600003
空葷航空工程局,NA,88612499,NA,88600003
空軍實驗工廠,NA,88612500,NA,88600003
空軍總司令部,NA,88612501,NA,88600014
空軍總部,NA,88612502,NA,88600014
空軍航空研究院,NA,88612503,NA,88600003
立工業職業學校,NA,88612504,NA,88600014
立法院,NA,88612505,NA,88600014
竹鄕環球水泥公司,NA,88612506,NA,88600010
第一商業銀行,NA,88612507,NA,88600014
第一銀行,NA,88612508,NA,88600010
管理局,NA,88612509,NA,88600006
經商部,NA,88612513,NA,88600014
經清部,NA,88612514,NA,88600014
經灣部,NA,88612519,NA,88600014
綸祥紡織公司,NA,88612520,NA,88600014
續鋼鐵徽械公司,NA,88612521,NA,NA
美商吉時洋行,NA,88612522,NA,88600014
美商美孚公司,NA,88612523,NA,88600014
聯勤第六十一兵工廠,NA,88612524,NA,NA
聯合工業硏究所,NA,88612535,NA,88600006
臺中取臺灣省水利局,NA,88612536,NA,88600003
臺中型臺灣紙業公司,NA,88612537,NA,88600003
臺中大肚臺灣工礦公司,NA,88612538,NA,88600003
臺中大肚臺灣糖業公司,NA,88612539,NA,88600003
臺中大肚臺灣紙業公司,NA,88612540,NA,88600003
臺中大肚苑鶴祇業公司,NA,88612541,NA,88600003
臺中師範學校,NA,88612542,NA,88600003
臺中後裏臺灣糖業公司,NA,88612543,NA,88600003
臺中後裡臺灣糖業公司,NA,88612544,NA,88600003
臺中後裡臺灣糧業公司,NA,88612545,NA,88600003
臺中東勢大雪山林業公司,NA,88612546,NA,88600003
臺中東勢矗灣謂力公司,NA,88612547,NA,88600003
臺中東勢臺灣雷力公司,NA,88612548,NA,88600003
臺中東勢臺灣電力公司,NA,88612549,NA,88600003
臺中東勢臺耀電力公司,NA,88612552,NA,88600003
臺中梧棲基隆港務局,NA,88612555,NA,88600003
臺中沙鹿天香化工公司,NA,88612556,NA,88600003
臺中沙鹿臺灣工礦公司,NA,88612557,NA,88600003
臺中港工程局,NA,88612558,NA,88600003
臺中烏日中國石油公司,NA,88612561,NA,88600003
臺中白冷臺灣電力公司,NA,88612564,NA,88600003
臺中縣和平鄕臺灣電力公司,NA,88612565,NA,88600003
臺中縣大肚鄕王田毛紡織公司,NA,88612566,NA,88600003
臺中縣東勢鎮大雪山林業公司,NA,88612567,NA,88600003
臺中縣梧棲鄕臺中港工務局,NA,88612568,NA,88600003
臺中縣梧棲鎮臺中港工務局,NA,88612569,NA,88600003
臺中縣梧棲鎮臺中港工程局,NA,88612570,NA,88600003
臺中縣潭子鄕民興紡織公司,NA,88612571,NA,88600003
臺中縣潭子鄕華興紡織公司,NA,88612572,NA,88600003
臺中縣烏日鄕鐵路局,NA,88612573,NA,88600003
臺中縣豐原翁子變電所,NA,88612574,NA,88600003
臺中縣豐原鎮美森製木公司,NA,88612575,NA,88600003
臺中縣豐原鎮臺灣工曠公司,NA,88612576,NA,88600003
臺中臺灣工酸公司,NA,88612577,NA,88600003
臺中臺灣糖業公司,NA,88612578,NA,88600003
臺中西屯區東海大學,NA,88612579,NA,88600003
臺中谷關臺灣電力公司,NA,88612580,NA,88600003
臺中豐原臺灣二礦公司,NA,88612581,NA,88600003
臺中豐原臺灣工礦公司,NA,88612582,NA,88600003
臺中郵局,NA,88612583,NA,88600003
臺中電信局,NA,88612584,NA,88600003
臺凰郵電管理局,NA,88612585,NA,NA
臺化榮町臺建煤礦公司,NA,88612586,NA,NA
臺北中和環境衛生實驗所,NA,88612589,NA,88600014
臺北內湖陸軍工兵學校,NA,88612595,NA,88600014
臺北八堵臺灣工礦公司,NA,88612596,NA,88600014
臺北公共工程局,NA,88612597,NA,88600014
臺北北投七星窰業公司,NA,88612598,NA,88600014
臺北南港仁利化工廠,NA,88612599,NA,88600014
臺北南港合灣肥料公司,NA,88612600,NA,88600014
臺北南港臺灣工礦公司,NA,88612601,NA,88600014
臺北南港臺灣肥料公司,NA,88612602,NA,88600014
臺北南港臺灣電力公司,NA,88612603,NA,88600014
臺北南港西北實業建設公司,NA,88612604,NA,88600014
臺北南潘臺灣工礦公司,NA,88612605,NA,88600014
臺北南臺灣鐵路管理局,NA,88612606,NA,88600014
臺北士林聯勤總部,NA,88612607,NA,88600014
臺北士林臺灣畜產公司,NA,88612612,NA,88600014
臺北士林臺灣畜產分公司,NA,88612613,NA,88600014
臺北士林臺灣紙業公司,NA,88612614,NA,88600014
臺北大同製鋼機械公司,NA,88612615,NA,88600014
臺北大直海軍總部,NA,88612616,NA,88600014
臺北帝經濟部,NA,88612617,NA,88600014
臺北常港臺灣工礦公司,NA,88612618,NA,88600014
臺北新店大坪林裕隆汽車工廠,NA,88612619,NA,88600014
臺北景美民生電化公司,NA,88612622,NA,88600014
臺北景美臺灣省菸酒公賣局,NA,88612623,NA,88600014
臺北木柵國立政治大學研究部,NA,88612624,NA,88600014
臺北木柵經濟部,NA,88612625,NA,88600014
臺北板橋中本紡織公司,NA,88612626,NA,88600014
臺北板橋中興電工廠,NA,88612627,NA,88600014
臺北板橋交通部,NA,88612628,NA,88600014
臺北板橋臺北紡織公司,NA,88612630,NA,88600014
臺北板橋臺湖省菸酒公賣局,NA,88612631,NA,88600014
臺北板橋臺灣工礦公司,NA,88612632,NA,88600014
臺北板橋臺灣省水利局,NA,88612633,NA,88600014
臺北板橋臺灣省菸酒公賣局,NA,88612634,NA,88600014
臺北板橋臺灣省魅酒公賣局,NA,88612636,NA,88600014
臺北板橋臺臺省菸酒公賣局,NA,88612637,NA,88600014
臺北板橋電信局,NA,88612638,NA,88600014
臺北樹林臺灣省菸酒公賣局,NA,88612639,NA,88600014
臺北汐止光正化學工廠,NA,88612640,NA,88600014
臺北汐止地政事務所,NA,88612641,NA,88600014
臺北汐止臺灣二礦公司,NA,88612642,NA,88600014
臺北汐止臺灣工礦公司,NA,88612643,NA,88600014
臺北瑞芳臺灣工礦公司,NA,88612646,NA,88600014
臺北瑞芳臺灣金屬礦業公司,NA,88612647,NA,88600014
臺北紡織公司,NA,88612648,NA,88600014
臺北經濟部,NA,88612649,NA,88600014
臺北縣中和鄕中興電工廠,NA,88612652,NA,88600014
臺北縣中和鄕南勢角工廠,NA,88612653,NA,88600014
臺北縣中和鄕南勢角齊魯企業公司,NA,88612654,NA,88600014
臺北縣中和鄕環境衛生實驗所,NA,88612655,NA,88600014
臺北縣中和鄕積惠村中興電機公司,NA,88612656,NA,88600014
臺北縣中和鄕積穗村中興電工廠,NA,88612657,NA,88600014
臺北縣南港研究院,NA,88612660,NA,88600014
臺北縣大寮鄉會社,NA,88612661,NA,88600014
臺北縣新店直潭施工所,NA,88612662,NA,88600014
臺北縣新店鎮大坪林裕隆汽車工廠,NA,88612663,NA,88600014
臺北縣新店鎮直潭裡下石厝直潭施工所,NA,88612664,NA,88600014
臺北縣木柵鄕經濟部,NA,88612665,NA,88600014
臺北縣泰山鄕私立明志工專生產工廠,NA,88612666,NA,88600014
臺北縣淡水鎮淡江文理學院,NA,88612669,NA,88600014
臺北縣瑞芳臺灣金屬礦業公司,NA,88612670,NA,88600014
臺北縣瑞芳金爪石願演公司,NA,88612671,NA,88600014
臺北縣瑞芳金瓜石臺灣金屬礦業公司,NA,88612672,NA,88600014
臺北縣瑞芳鎮臺灣金屬礦業公司,NA,88612673,NA,88600014
臺北縣瑞芳鎮金瓜石臺灣金屬公司,NA,88612674,NA,88600014
臺北縣瑞芳鎮金瓜石臺灣金屬礦業公司,NA,88612675,NA,88600014
臺北縣瑞芳鎮金瓜石金屬礦業公司,NA,88612676,NA,88600014
臺北縣瑞芳高級工業職業學校,NA,88612677,NA,88600014
臺北縣金山匂量灣者金腐幘業公司,NA,88612682,NA,88600014
臺北縣金瓜石臺灣金屬礦業公司,NA,88612683,NA,88600014
臺北耋濛鐵路局,NA,88612684,NA,88600014
臺北聃灣肥料公司,NA,88612685,NA,88600014
臺北臺濯露力公司,NA,88612686,NA,88600014
臺北臺灣大學,NA,88612687,NA,88600014
臺北臺瘠省工業研究所,NA,88612688,NA,88600014
臺北臺舞電力公司,NA,88612689,NA,88600014
臺北臺變鋼鐵幾城公司,NA,88612690,NA,88600014
臺北臺電公司,NA,88612691,NA,88600014
臺北臺驚大學,NA,88612692,NA,88600014
臺北臺鬻蜜業公司,NA,88612693,NA,88600014
臺北臺鷺鋼鐵攥械公司,NA,88612694,NA,88600014
臺北臺鷺飭織公司,NA,88612695,NA,88600014
臺北臺鸞工程公司,NA,88612696,NA,88600014
臺北訪臺灣電信管理局,NA,88612697,NA,88600014
臺北鐵路局,NA,88612698,NA,88600014
臺北電信局,NA,88612699,NA,88600014
臺北鬆山工礦公司,NA,88612700,NA,88600014
臺北鬆山臺海鐵路管理局,NA,88612708,NA,88600014
臺北鬆山臺湖水泥公司,NA,88612709,NA,88600014
臺北鬆山臺灣工應公司,NA,88612710,NA,88600014
臺北鬆山臺灣工礦公司,NA,88612711,NA,88600014
臺北鬆山臺灣水泥公司,NA,88612712,NA,88600014
臺北鬆山臺灣鐵路管理局,NA,88612713,NA,88600014
臺北鬆山臺灣電力公司,NA,88612714,NA,88600014
臺北鬆山臺臂鐵路管理局,NA,88612715,NA,88600014
臺北鬆山鬆山興記化工廠,NA,88612716,NA,88600014
臺南亞洲航空公司,NA,88612717,NA,88600013
臺南佳裡臺灣工礦公司,NA,88612718,NA,88600013
臺南佳裡臺灣糖業公司,NA,88612719,NA,88600013
臺南南安平聯勤總部,NA,88612720,NA,88600013
臺南善化臺灣糖業公司,NA,88612721,NA,88600013
臺南國立成功大學,NA,88612722,NA,88600013
臺南安下聯勤總部,NA,88612723,NA,88600013
臺南安平聯勤總部,NA,88612724,NA,88600013
臺南安平臺灣鹼業公司,NA,88612725,NA,88600013
臺南安順臺灣傾業公司,NA,88612726,NA,88600013
臺南安順臺灣碳業公司,NA,88612727,NA,88600013
臺南安順臺灣礦業公司,NA,88612728,NA,88600013
臺南安順臺灣顧業公司,NA,88612729,NA,88600013
臺南安順臺灣鹼美公司,NA,88612730,NA,88600013
臺南安順臺灣鹼葉公司,NA,88612731,NA,88600013
臺南安順臺鋁限業公司,NA,88612732,NA,88600013
臺南工業職業學校,NA,88612733,NA,88600013
臺南後壁臺灣糖業公司,NA,88612734,NA,88600013
臺南成切大學,NA,88612735,NA,88600013
臺南成功大學,NA,88612736,NA,88600013
臺南新營臺灣紙業公司,NA,88612738,NA,88600013
臺南新營臺灣酒業公司,NA,88612739,NA,88600013
臺南新營臺糖新營副產品加工廠,NA,88612740,NA,88600013
臺南新豐臺灣糖業公司,NA,88612741,NA,88600013
臺南楠西曾文新邨榮工處施工所,NA,88612742,NA,88600013
臺南楠西曾文水庫工程局,NA,88612743,NA,88600013
臺南榮譽國民之家化工廠,NA,88612744,NA,88600013
臺南機場亞洲航空公司,NA,88612745,NA,88600013
臺南機場亞航公司,NA,88612746,NA,88600013
臺南永康臺灣糖業公司,NA,88612747,NA,88600013
臺南烏樹材臺灣糖業公司,NA,88612748,NA,88600013
臺南烏樹林臺灣糖業公司,NA,88612749,NA,88600013
臺南玉井糖業公司,NA,88612750,NA,88600013
臺南玉井臺灣糖業公司,NA,88612751,NA,88600013
臺南縣善化臺糖公司,NA,88612752,NA,88600013
臺南縣新營鎮臺糖新營副產加工廠,NA,88612753,NA,88600013
臺南縣楠西鄕曾文水庫工程局,NA,88612754,NA,88600013
臺南縣永康火車站側部,NA,88612755,NA,88600013
臺南臺灣工礦公司,NA,88612756,NA,88600013
臺南臺灣糖業公司,NA,88612757,NA,88600013
臺南臺纖鳳梨公司,NA,88612759,NA,88600013
臺南郵局,NA,88612760,NA,88600013
臺南鹽水臺灣糖業公司,NA,88612761,NA,88600013
臺南鹽水鎮臺戀糖業公司,NA,88612762,NA,88600013
臺南麻豆臺灣糖公司,NA,88612763,NA,88600013
臺南麻豆臺酒糖業公司,NA,88612764,NA,88600013
臺嚮丁礦器材公司,NA,88612765,NA,NA
臺嚮電力公司,NA,88612766,NA,NA
臺嚼橡膠公司,NA,88612767,NA,NA
臺大工學院,NA,88612768,NA,88600014
臺大造船所,NA,88612769,NA,88600014
臺大醫學院,NA,88612770,NA,NA
臺安航業公司,NA,88612771,NA,88600014
臺屬郵電管理局,NA,88612772,NA,NA
臺建電力公司,NA,88612773,NA,NA
臺彎肥料公司,NA,88612774,NA,NA
臺徵電力公司,NA,88612775,NA,NA
臺懲臺中省立工業職業學校,NA,88612776,NA,NA
臺昌工業公司,NA,88612777,NA,88600011
臺東縣建設局,NA,88612778,NA,NA
臺東縣政府建設局,NA,88612779,NA,NA
臺東縣東勢工業學校,NA,88612780,NA,NA
臺東臺灣省水利局,NA,88612781,NA,NA
臺東臺灣糖業公司,NA,88612782,NA,NA
臺東臺灣電力公司,NA,88612786,NA,NA
臺東裡壠臺灣省水利局,NA,88612789,NA,NA
臺東馬蘭臺灣糖業公司,NA,88612790,NA,NA
臺東馬闌臺灣糖業公司,NA,88612791,NA,NA
臺機公司,NA,88612792,NA,88600010
臺泥公司,NA,88612793,NA,88600010
臺海工礦公司,NA,88612794,NA,NA
臺淹穗業公司,NA,88612795,NA,88600013
臺滙誠業公司,NA,88612796,NA,88600010
臺潑鐵路管理局,NA,88612797,NA,88600014
臺濾鋼鐵機械公司,NA,88612798,NA,NA
臺瀧電力公司,NA,88612799,NA,NA
臺灣交通部,NA,88612800,NA,NA
臺灣化學緬維公司,NA,88612803,NA,NA
臺灣化學纖維公司,NA,88612804,NA,88600001
臺灣區棉紡工業同業公會,NA,88612805,NA,88600014
臺灣區棉飭織業同業公會,NA,88612806,NA,88600014
臺灣土地銀行,NA,88612807,NA,88600014
臺灣大學,NA,88612808,NA,88600014
臺灣大雪山林業公司,NA,88612810,NA,NA
臺灣大雪山林業股份有限公司,NA,88612811,NA,NA
臺灣工璿公司,NA,88612812,NA,88600014
臺灣工破公司,NA,88612813,NA,88600010
臺灣工磁公司,NA,88612814,NA,88600014
臺灣工礦司營建部,NA,88612821,NA,88600014
臺灣工籟公司,NA,88612822,NA,88600014
臺灣工藤公司,NA,88612823,NA,NA
臺灣工賦公司,NA,88612824,NA,88600014
臺灣工蹟公司,NA,88612825,NA,88600010
臺灣工酸公司,NA,88612826,NA,88600010
臺灣工醺公司,NA,88612827,NA,88600014
臺灣工険公司,NA,88612828,NA,88600013
臺灣工魔公司,NA,88612829,NA,88600010
臺灣把料公司,NA,88612830,NA,88600011
臺灣械業公司,NA,88612831,NA,88600010
臺灣檢驗局,NA,88612832,NA,88600014
臺灣水利局,NA,88612833,NA,88600014
臺灣水產分公司,NA,88612834,NA,NA
臺灣減業公司,NA,88612835,NA,88600010
臺灣火柴公司,NA,88612836,NA,88600014
臺灣煤礦公司,NA,88612837,NA,NA
臺灣省交通處鐵路管理局,NA,88612838,NA,NA
臺灣省公務局,NA,88612839,NA,88600014
臺灣省公局,NA,88612840,NA,88600003
臺灣省工試驗所,NA,88612841,NA,88600014
臺灣省度量衡檢定所,NA,88612842,NA,88600014
臺灣省建設廳南部,NA,88612843,NA,88600013
臺灣省政府建設廳南部,NA,88612844,NA,88600013
臺灣省政府農杯廳林產管理局,NA,88612845,NA,88600014
臺灣省政府農林廳林產管理局,NA,88612846,NA,88600014
臺灣省政府農林廳林産管理局,NA,88612847,NA,88600014
臺灣省林務局,NA,88612848,NA,NA
臺灣省林產管理局,NA,88612849,NA,88600014
臺灣省林産管理局,NA,88612850,NA,NA
臺灣省檢驗局,NA,88612851,NA,88600014
臺灣省氣象所,NA,88612852,NA,88600014
臺灣省煙酒公賣局,NA,88612853,NA,88600014
臺灣省物資局,NA,88612854,NA,88600014
臺灣省立工學院,NA,88612855,NA,88600013
臺灣省立工業專科學校,NA,88612856,NA,88600014
臺灣省立工業試驗所,NA,88612857,NA,88600014
臺灣省立師範大學,NA,88612858,NA,88600014
臺灣省立師範學院,NA,88612859,NA,88600014
臺灣省立海事專科學校,NA,88612860,NA,88600011
臺灣省立海洋學院,NA,88612861,NA,NA
臺灣省立第二女子中學校,NA,88612862,NA,88600014
臺灣省立臺中工業職業學校,NA,88612863,NA,88600003
臺灣省立臺北工業專科學校,NA,88612864,NA,88600014
臺灣省立臺北工業職業學校,NA,88612865,NA,88600014
臺灣省立臺北第一高級工業學校,NA,88612866,NA,88600014
臺灣省立臺南工業職業學校,NA,88612867,NA,88600013
臺灣省立臺南農業職業學校,NA,88612868,NA,88600013
臺灣省立臺南高級工業職業學校,NA,88612869,NA,88600013
臺灣省立農學院,NA,88612870,NA,88600003
臺灣省立高雄工業職業學校,NA,88612871,NA,88600010
臺灣省糧食局,NA,88612872,NA,88600014
臺灣省臺北工業專科學校,NA,88612873,NA,88600014
臺灣省菸港公賣局,NA,88612874,NA,88600014
臺灣省鐵路管理局,NA,88612875,NA,NA
臺灣破券公司,NA,88612882,NA,88600010
臺灣碳業公司,NA,88612883,NA,88600010
臺灣礦業公司,NA,88612884,NA,88600010
臺灣祗業公司,NA,88612885,NA,NA
臺灣第一商業銀行,NA,88612886,NA,88600014
臺灣紙業公司,NA,88612889,NA,88600013
臺灣聚合公司,NA,88612890,NA,88600010
臺灣聚合化公司,NA,88612891,NA,NA
臺灣自行車公司,NA,88612892,NA,88600010
臺灣航業公司,NA,88612893,NA,88600014
臺灣菸酒公司,NA,88612895,NA,NA
臺灣袍業公司,NA,88612896,NA,88600003
臺灣請業公司,NA,88612897,NA,NA
臺灣農工企業公司,NA,88612898,NA,88600010
臺灣農林公司,NA,88612899,NA,88600014
臺灣農業公司,NA,88612900,NA,88600012
臺灣農業化工廠,NA,88612901,NA,88600010
臺灣造船鑑公司,NA,88612902,NA,88600011
臺灣金門企業公司,NA,88612903,NA,88600014
臺灣銀行,NA,88612904,NA,88600014
臺灣銘業公司,NA,88612905,NA,88600010
臺灣鋼鐵機械公司,NA,88612906,NA,NA
臺灣鐵監管理局,NA,88612907,NA,88600014
臺灣鐵路局,NA,88612910,NA,NA
臺灣鐵路管埋局,NA,88612913,NA,NA
臺灣鐵路管裡局,NA,88612930,NA,88600014
臺灣防織公司,NA,88612933,NA,88600014
臺灣雪力公司,NA,88612936,NA,88600014
臺灣電信管理局,NA,88612937,NA,88600014
臺灣霞信管理局,NA,88612942,NA,88600014
臺灣頒業公司,NA,88612943,NA,88600010
臺灣鮑鶴省菸酒公賣局,NA,88612944,NA,NA
臺灣鳳梨公司,NA,88612945,NA,88600014
臺灣鳳梨分公司,NA,88612946,NA,88600010
臺灣鹼獎公司,NA,88612947,NA,88600010
臺灣鹽業公司,NA,88612948,NA,88600010
臺理煤避公司,NA,88612949,NA,NA
臺甫新營臺灣紙業公司,NA,88612950,NA,NA
臺瘴鋼鐵機械公司,NA,88612951,NA,NA
臺發大學,NA,88612952,NA,NA
臺盪鋼鐵機械公司,NA,88612953,NA,NA
臺盪電力公司,NA,88612954,NA,NA
臺盪電工業公司,NA,88612955,NA,88600014
臺省檢驗局,NA,88612956,NA,NA
臺省物資局,NA,88612957,NA,NA
臺簿糖業公司,NA,88612958,NA,NA
臺簿電力公司,NA,88612959,NA,NA
臺糖公司,NA,88612960,NA,88600014
臺經紙業公司,NA,88612962,NA,NA
臺纖機械造船公司,NA,88612963,NA,NA
臺耀電力公司,NA,88612964,NA,NA
臺肥公司,NA,88612965,NA,88600014
臺肥基隆工廠,NA,88612966,NA,88600011
臺胸皙工業試鹼所,NA,88612967,NA,88600014
臺脅電力公司,NA,88612968,NA,NA
臺臂肥料公司,NA,88612969,NA,NA
臺解驟公司,NA,88612970,NA,NA
臺詢堀力公司,NA,88612971,NA,NA
臺變解公司,NA,88612972,NA,NA
臺讐郵電管理局,NA,88612973,NA,NA
臺豐紙業公司,NA,88612974,NA,NA
臺越媒礦公司,NA,88612975,NA,NA
臺蹣電力公司,NA,88612976,NA,NA
臺鋁公司,NA,88612977,NA,88600010
臺鋁稱業公司,NA,88612978,NA,88600014
臺閥大學,NA,88612979,NA,88600014
臺隱水利局,NA,88612980,NA,NA
臺隱電力公司,NA,88612981,NA,NA
臺電公司,NA,88612982,NA,88600014
臺電火力工程處南部,NA,88612983,NA,88600010
臺風安順臺灣殮業公司,NA,88612984,NA,NA
臺饉銅鑛公司,NA,88612985,NA,NA
臺鷺蝶礪公司,NA,88612986,NA,NA
臺鷺鋼巖攥減公司,NA,88612987,NA,NA
臺鹼公司,NA,88612988,NA,88600010
臺鹼微公司,NA,88612989,NA,NA
航務管理局,NA,88612990,NA,88600014
航空研究所,NA,88612991,NA,88600003
航空研究院,NA,88612992,NA,88600003
花蓬臺灣電力公司,NA,88612993,NA,NA
花蓮基隆務局,NA,88612994,NA,NA
花蓮基隆港務局,NA,88612995,NA,88600009
花蓮德安林務局,NA,88612996,NA,88600009
花蓮氈灣糖業公司,NA,88612997,NA,88600009
花蓮港務局,NA,88612998,NA,88600009
花蓮縣光復鄕花蓮糖製造工場,NA,88612999,NA,88600009
花蓮臺灣工礦公司,NA,88613000,NA,88600009
花蓮臺灣省水利局,NA,88613001,NA,88600009
花蓮臺灣糖業公司,NA,88613002,NA,88600009
花蓮臺灣鐵路管理局,NA,88613003,NA,88600009
花蓮臺糖公司,NA,88613005,NA,88600009
花連基隆港務局,NA,88613006,NA,NA
苗栗中國人造纖維公司,NA,88613007,NA,88600007
苗栗中國石公司,NA,88613008,NA,88600007
苗栗福星裡慕華聯合化學公司,NA,88613009,NA,88600007
苗栗竹南臺灣省水利局,NA,88613010,NA,88600007
苗栗縣中國石油公司,NA,88613011,NA,88600007
苗栗縣中國石油化學開發公司,NA,88613012,NA,88600007
苗栗縣慕華聯合化學公司,NA,88613013,NA,88600007
苗栗縣政府建設局,NA,88613014,NA,88600007
苗栗縣竹南水利局,NA,88613015,NA,88600007
苗栗縣賦價學國人選纖維公司,NA,88613016,NA,88600007
苗栗縣通霄鎮臺電通霄發電所,NA,88613017,NA,88600007
苗栗縣頭份華夏塑膠公司,NA,88613018,NA,88600007
苗栗縣頭份鎮中國人造纖維公司,NA,88613019,NA,88600007
苗栗縣頭份頭份中繊公司,NA,88613020,NA,88600007
苗栗臺灣鐵路管理局,NA,88613021,NA,88600007
苗栗鎮臺肥公司,NA,88613022,NA,88600007
苗栗鎮頭份中國人造纖維公司,NA,88613023,NA,88600007
苗栗頭份中國人造纖維公司,NA,88613024,NA,88600007
苗栗頭份聯合耐隆公司,NA,88613025,NA,NA
苗粟中國石油公司,NA,88613026,NA,NA
茂康建第師事務所,NA,88613027,NA,88600014
荀雄縣岡山鎮致漬局,NA,88613028,NA,NA
華信建築師事務所,NA,88613029,NA,88600010
華南工程公司,NA,88613030,NA,88600014
華泰雷子公司,NA,88613031,NA,88600010
華菁工程公司,NA,88613032,NA,88600010
菸酒公盲局,NA,88613033,NA,88600014
菸酒公賣局,NA,88613034,NA,88600014
蔡金建築師事務所,NA,88613035,NA,88600011
薪竹竹東中國石油公司,NA,88613036,NA,NA
藻灣鐵路管理局,NA,88613037,NA,88600003
蠱潼電力公司,NA,88613038,NA,NA
蠹脅製轅公司,NA,88613039,NA,NA
蠹轡肥料公司,NA,88613040,NA,NA
裕隆機器製公司,NA,88613041,NA,88600014
裕隆機器製造公司,NA,88613042,NA,88600014
裕隆機械製造公司,NA,88613043,NA,88600014
襄中縣和平鄕上谷關臺電公司,NA,88613044,NA,NA
西北實業建設公司,NA,88613045,NA,88600014
西屯區東海大學,NA,88613046,NA,88600003
西屯區逢甲工商學院,NA,88613047,NA,88600003
西屯逢甲工商學院,NA,88613048,NA,88600003
話北分局,NA,88613049,NA,88600014
豐原鎮東勢裡天星建築師事務所,NA,88613050,NA,88600003
豪北公共工程局,NA,88613051,NA,NA
費彎鐵路管理局,NA,88613054,NA,88600014
越隆帀省立海件學院,NA,88613055,NA,NA
蹙糖公司,NA,88613056,NA,88600014
農盪電力公司,NA,88613057,NA,NA
逢甲工商學院,NA,88613058,NA,88600003
遊糖業公司,NA,88613059,NA,NA
郵政第七支局,NA,88613060,NA,88600013
鄭水平建築事務所,NA,88613061,NA,88600012
量化帀毫灣大學,NA,88613062,NA,NA
量北縣樹林鎖於酒公賣局,NA,88613063,NA,NA
量孤中室胃大學,NA,88613064,NA,NA
量肺制肛納取肛所,NA,88613065,NA,NA
金和鐵工廠,NA,88613066,NA,88600014
釜干杯木力班雲林縣斗六鎮臺糖公司,NA,88613067,NA,NA
鎏灣工礦公司,NA,88613068,NA,88600014
鐵路局,NA,88613069,NA,88600010
陰因大俠一止埋工學院,NA,88613075,NA,NA
陽明山中廣公司,NA,88613076,NA,88600014
陽明山北投鎮臺灣工礦公司,NA,88613077,NA,NA
陽明山士林鎮士林電工工業公司,NA,88613078,NA,NA
陽明山管理局,NA,88613079,NA,88600014
雁南化工廠,NA,88613080,NA,88600006
雍南化工廠,NA,88613081,NA,88600006
雍興實業公司,NA,88613082,NA,NA
雲林北港臺測糖業公司,NA,88613083,NA,88600005
雲林北港臺灣省利局,NA,88613084,NA,88600005
雲林北港臺灣省水利局,NA,88613085,NA,88600005
雲林北港臺灣糖業公司,NA,88613086,NA,88600005
雲林斗六宏昌化工廠,NA,88613087,NA,88600005
雲林斗六臺灣糖業公司,NA,88613088,NA,88600005
雲林虎尾合灣糖業公司,NA,88613089,NA,88600005
雲林虎尾臺繪儕業公司,NA,88613090,NA,88600005
雲林鬥六臺灣省水利局,NA,88613091,NA,88600005
雲林鬥六臺灣糖業公司,NA,88613092,NA,88600005
雲林鬥六臺灣酒業公司,NA,88613093,NA,NA
電工業公司,NA,88613096,NA,NA
霍灣省物資局,NA,88613097,NA,88600014
靈三糖業公司,NA,88613098,NA,NA
青灣大學,NA,88613099,NA,NA
香港珠海學院,NA,88613100,NA,NA
高雄中國石油公司,NA,88613101,NA,88600010
高雄小港臺灣紙業公司,NA,88613102,NA,88600010
高雄岡山吉灣糖業公司,NA,88613103,NA,88600010
高雄岡山嘉新水泥公司,NA,88613104,NA,88600010
高雄岡山空軍機械學校,NA,88613105,NA,88600010
高雄岡山空軍軍官學校,NA,88613106,NA,88600010
高雄岡山臺灣工健公司,NA,88613107,NA,88600010
高雄岡山臺灣工磁公司,NA,88613108,NA,88600010
高雄岡山臺灣工礦公司,NA,88613109,NA,88600010
高雄岡山臺灣工礦嘉義機械岡山工場,NA,88613110,NA,88600010
高雄岡山臺灣省水利局,NA,88613111,NA,88600010
高雄岡山臺灣糖業公司,NA,88613112,NA,88600010
高雄岡山鎮嘉新水泥公司,NA,88613115,NA,88600010
高雄左営海軍造船所,NA,88613116,NA,88600010
高雄旗山臺灣糖業公司,NA,88613117,NA,88600010
高雄港箴局,NA,88613119,NA,88600010
高雄硫酸錏公司,NA,88613120,NA,88600010
高雄縣大樹九曲堂永豐造紙公司,NA,88613121,NA,88600010
高雄縣大社郷臺聚公司,NA,88613122,NA,88600010
高雄縣岡山鎮嘉新水泥公司,NA,88613123,NA,88600010
高雄縣橋仔頭臺灣糖業公司,NA,88613124,NA,88600010
高雄縣橋頭鄉臺糖公司,NA,88613125,NA,NA
高雄罔山嘉新水泥公司,NA,88613126,NA,88600010
高雄臺灣機械公司,NA,88613127,NA,88600010
高雄臺灣碳業公司,NA,88613128,NA,88600010
高雄臺灣糖業公司,NA,88613129,NA,88600010
高雄臺灣鹼業公司,NA,88613130,NA,NA
高雄鳳山臺灣糖業公司,NA,88613131,NA,88600010
高雄鳳山臺灣紙業公司,NA,88613132,NA,88600010
高雄鳳山陸軍軍官學校,NA,88613133,NA,88600010
高雄鹼機誡公司,NA,88613134,NA,88600010
髙椎臺遷製鹼公司,NA,88613135,NA,NA
髙雄港務局,NA,88613136,NA,NA
鬆山區國際機場民航局,NA,88613137,NA,88600014
鬆山區聯勤第六一兵工廠,NA,88613138,NA,88600014
鬆山區鐵路局,NA,88613139,NA,88600014
鬆山機場民航局,NA,88613140,NA,88600014
鬆山鬆山興記化工廠,NA,88613144,NA,88600014
鬆江臺灣鐵路局,NA,88613145,NA,88600014
鵬程工程公司,NA,88613146,NA,88600010
鹽務總局,NA,88613147,NA,88600013
麋臀工程公司,NA,88613148,NA,NA
點瀾硅業公司,NA,88613149,NA,NA
龍門建築師事務所,NA,88613150,NA,88600010
中國廣播公司業務所,China Broadcasting Corporation 中國廣播公司,88612066,88612021,88600014
中國石油公司臺北營業所,China Petroleum Corporation 中國石油公司,88612068,88612022,88600014
亞東公司化工廠,亞東公司,88612093,88612092,88600001
交通大學電子研究所,交通大學,88612097,88612096,88600006
交通部民用航空局,Ministry of Transportation 交通部,88612098,88612032,88600014
交通部臺中電信局,Ministry of Transportation 交通部,88612099,88612032,88600003
交通部臺北電信局,Ministry of Transportation 交通部,88612100,88612032,88600014
交通部臺灣電信管局,Ministry of Transportation 交通部,88612101,88612032,88600014
交通部臺灣電信管理局,Ministry of Transportation 交通部,88612102,88612032,88600014
交通部臺灣電信管畢局,Ministry of Transportation 交通部,88612103,88612032,88600014
交通部臺體電信局,Ministry of Transportation 交通部,88612104,88612032,NA
交通部電信總局,Ministry of Transportation 交通部,88612105,88612032,88600014
交通部高雄電信局,Ministry of Transportation 交通部,88612106,88612032,88600010
八堵臺灣鐵路管理局八堵工務段,八堵臺灣鐵路管理局,88612115,88612114,88600011
兵工學校兵工工程學院,兵工學校,88612121,88612120,88600014
南投埔裡臺灣糖業公司埔裡副產加工廠,南投埔裡臺灣糖業公司,88612142,88612141,88600002
南投埔裡臺灣糖業公司埔裡副產品工廠,南投埔裡臺灣糖業公司,88612143,88612141,88600002
南投水裏臺灣電力公司鉅工發電所,南投水裏臺灣電力公司,88612147,88612146,88600002
南港公賣局瓶蓋工廠,南港公賣局,88612154,88612153,88600014
嘉義臺灣鐵路管理局嘉義工務段,嘉義臺灣鐵路管理局,88612192,88612191,88600004
嘉義臺灣鐵路管理局嘉義電務段,嘉義臺灣鐵路管理局,88612193,88612191,88600004
嘴勤總部兵工研究院,嘴勤總部,88612198,88612197,88600014
國立交通大學電子研究所,國立交通大學,88612203,88612202,88600006
國立交通大學電子硏究所,國立交通大學,88612204,88612202,88600006
國立臺灣大學機械系機械工廠,National Taiwan University 國立臺灣大學,88612208,88612034,88600014
國立臺灣大學電機係,National Taiwan University 國立臺灣大學,88612209,88612034,88600014
基隆七堵臺灣電力公司八堵變電所,基隆七堵臺灣電力公司,88612221,88612220,88600011
基隆八堵臺灣鐵路管理局八堵工務段,基隆八堵臺灣鐵路管理局,88612225,88612224,NA
基隆八堵臺鶯鐵路管理局八堵工務段,基隆八堵臺鶯鐵路管理局,88612227,88612226,88600011
基隆八斗子臺灣電力公司北部火力發電所,基隆八斗子臺灣電力公司,88612229,88612228,88600011
基隆電力公司北部火力發電所,基隆電力公司,88612247,88612246,88600011
大同工學院電硏所,大同工學院,88612258,88612257,88600014
宜蘭臺灣鐵路管理局宜蘭工務段,宜蘭臺灣鐵路管理局,88612276,88612275,88600016
宜蘭臺灣鐵路管理局宜蘭機務段,宜蘭臺灣鐵路管理局,88612277,88612275,88600016
宜蘭臺灣鐵路管理局宜蘭電務段,宜蘭臺灣鐵路管理局,88612278,88612275,88600016
屏東交通部屏東電信局,屏東交通部,88612294,88612293,88600012
屏東臺灣鐵路管理局屏東工務段,屏東臺灣鐵路管理局,88612302,88612301,88600012
延平北路鐵路局機務段,延平北路鐵路局,88612321,88612320,88600014
彰化臺灣鐵路管理局彭化機務段,彰化臺灣鐵路管理局,88612339,88612338,88600001
彰化臺灣鐵路管理局彰化工務段,彰化臺灣鐵路管理局,88612340,88612338,88600001
彰化臺灣鐵路管理局彰化機務段,彰化臺灣鐵路管理局,88612341,88612338,88600001
彰化臺灣鐵路管理局彰化電務段,彰化臺灣鐵路管理局,88612342,88612338,88600001
成功大學機械研究所,成功大學,88612352,88612351,88600013
成功大學理學院,成功大學,88612353,88612351,88600013
招商局輪船公司,招商局,88612356,88612355,88600014
招商局輪船有限公司,招商局,88612358,88612355,88600014
新竹經濟部聯合工業研究所,新竹經濟部,88612382,88612381,88600006
新竹經濟部聯合工業硏究所,新竹經濟部,88612383,88612381,88600006
新竹臺灣糖業公司新竹副產加工廠,新竹臺灣糖業公司,88612392,88612391,88600006
新竹臺灣鐵路管理局新竹工務段,新竹臺灣鐵路管理局,88612395,88612394,88600006
新竹臺灣鐵路管理局新竹電務段,新竹臺灣鐵路管理局,88612396,88612394,NA
新竹臺灣電力公司新竹變電所,新竹臺灣電力公司,88612398,88612397,88600006
新竹赤土崎中國石油公司研究所,新竹赤土崎中國石油公司,88612401,88612400,88600006
海軍總部技術研究所,海軍總部,88612469,88612468,88600010
清華大學國科會科儀中心,清華大學,88612475,88612474,88600006
清華大學研究所,清華大學,88612476,88612474,88600006
灣鐵路管理局臺中工務段,灣鐵路管理局,88612480,88612479,88600003
管理局宜蘭工務段,管理局,88612510,88612509,88600016
管理局屏東工務段,管理局,88612511,88612509,88600012
管理局臺北工務段,管理局,88612512,88612509,88600014
經濟部中央標準局,Ministry of Economic Affairs 經濟部,88612515,88612031,88600013
經濟部標準局,Ministry of Economic Affairs 經濟部,88612516,88612031,88600013
經濟部聯合工業研究所,Ministry of Economic Affairs 經濟部,88612517,88612031,88600014
經濟部臺灣機械公司,Ministry of Economic Affairs 經濟部,88612518,88612031,88600010
聯勤總司令部第六十兵工廠,聯勤總司令部,88612526,88612525,88600010
聯勤總部兵工學校,Joint Logistics Command 聯勤總部,88612527,88612026,88600014
聯勤總部兵工研究院,Joint Logistics Command 聯勤總部,88612528,88612026,88600014
聯勤總部弟二十六兵工廠,Joint Logistics Command 聯勤總部,88612529,88612026,88600010
聯勤總部第二十六兵工廠,Joint Logistics Command 聯勤總部,88612530,88612026,88600010
聯勤總部第六一兵工廠,Joint Logistics Command 聯勤總部,88612531,88612026,88600014
聯勤總部第六十兵工廠,Joint Logistics Command 聯勤總部,88612532,88612026,88600010
聯勤總部第四十四兵工廠,Joint Logistics Command 聯勤總部,88612533,88612026,88600014
聯勤總部第廿六兵工廠,Joint Logistics Command 聯勤總部,88612534,88612026,88600010
臺中東勢臺灣電力公司大甲溪電源事務所,臺中東勢臺灣電力公司,88612550,88612549,88600003
臺中東勢臺灣電力公司大甲溪電源事落所,臺中東勢臺灣電力公司,88612551,88612549,88600003
臺中東勢電力公司大甲事務所,臺中東勢電力公司,88612554,88612553,88600003
臺中潭子臺灣糖業公司員工訓練所,臺中潭子臺灣糖業公司,88612560,88612559,88600003
臺中烏日臺灣糖業公司臺中總廠烏日工廠,臺中烏日臺灣糖業公司,88612563,88612562,88600003
臺北七堵臺灣電力公司八堵變電所,臺北七堵臺灣電力公司,88612588,88612587,88600014
臺北中和鄕齊魯企業公司南勢角工廠,臺北中和鄕齊魯企業公司,88612591,88612590,88600014
臺北交通部臺墮郵篋管理局,臺北交通部,88612593,88612592,88600014
臺北交通部電信局,臺北交通部,88612594,88612592,88600014
臺北士林臺灣工礦公司士林電工廠,臺北士林臺灣工礦公司,88612609,88612608,88600014
臺北士林臺灣工蟾公司士林電工廠,臺北士林臺灣工蟾公司,88612611,88612610,88600014
臺北新店臺灣電力公司新龜山發電所,臺北新店臺灣電力公司,88612621,88612620,88600014
臺北板橋交通部板橋電信局,臺北板橋交通部,88612629,88612628,88600014
臺北板橋臺灣省菸酒公賣局製樽工廠,臺北板橋臺灣省菸酒公賣局,88612635,88612634,88600014
臺北汐止臺灣煉鐵公司汐止工廠,臺北汐止臺灣煉鐵公司,88612645,88612644,88600014
臺北縣三重鎮交通部電信總局,臺北縣三重鎮交通部,88612651,88612650,88600014
臺北縣中和鄕齊魯公司南勢角工廠,臺北縣中和鄕齊魯公司,88612659,88612658,88600014
臺北縣泰用明志工專學校生產工廠,臺北縣泰用明志工專學校,88612668,88612667,88600014
臺北縣臺灣工礦公司南勢角工廠,臺北縣臺灣工礦公司,88612679,88612678,88600014
臺北縣臺纜工楡公司南勢角工廠,臺北縣臺纜工楡公司,88612681,88612680,88600014
臺北鬆山聯勤網部第六十一兵工廠,臺北鬆山聯勤網部,88612702,88612701,88600014
臺北鬆山聯勤總部弟六十一兵工廠,Taipei Songshan Joint Logistics Command Headquarters 臺北鬆山聯勤總部,88612703,88612040,88600014
臺北鬆山聯勤總部弟四十四兵工廠,Taipei Songshan Joint Logistics Command Headquarters 臺北鬆山聯勤總部,88612704,88612040,88600014
臺北鬆山聯勤總部第六十一兵工廠,Taipei Songshan Joint Logistics Command Headquarters 臺北鬆山聯勤總部,88612705,88612040,88600014
臺北鬆山聯勤總部第兵工廠,Taipei Songshan Joint Logistics Command Headquarters 臺北鬆山聯勤總部,88612706,88612040,88600014
臺北鬆山聯勤總部第四十四兵工廠,Taipei Songshan Joint Logistics Command Headquarters 臺北鬆山聯勤總部,88612707,88612040,88600014
臺南新營臺灣糖業公司新營副產加工廠,Tainan Xinyi Taiwan Sugar Company 臺南新營臺灣糖業公司,88612737,88612038,88600013
臺南臺灣糖業公司糖業試驗所,臺南臺灣糖業公司,88612758,88612757,88600013
臺東臺灣鐵路管理局臺東二務段,臺東臺灣鐵路管理局,88612784,88612783,NA
臺東臺灣鐵路管理局臺東工務段,臺東臺灣鐵路管理局,88612785,88612783,NA
臺東裏墉臺灣省水利局臺東工程處關山工務所,臺東裏墉臺灣省水利局,88612788,88612787,NA
臺灣儲業公司糖業試驗所,臺灣儲業公司,88612802,88612801,NA
臺灣大學工學院,臺灣大學,88612809,88612808,88600014
臺灣工磁公司化工部,臺灣工磁公司,88612815,88612814,NA
臺灣工礦公司化工部,Taiwan Mining Corporation 臺灣工礦公司,88612816,88612046,88600014
臺灣工礦公司化鋼部,Taiwan Mining Corporation 臺灣工礦公司,88612817,88612046,88600014
臺灣工礦公司營建部,Taiwan Mining Corporation 臺灣工礦公司,88612818,88612046,88600014
臺灣工礦公司礦冶機械部,Taiwan Mining Corporation 臺灣工礦公司,88612819,88612046,88600014
臺灣工礦公司紡織部,Taiwan Mining Corporation 臺灣工礦公司,88612820,88612046,88600014
臺灣省防衛總部工兵指揮所,臺灣省防衛總部,88612877,88612876,88600014
臺灣省防衞司令部工兵指揮所,臺灣省防衞司令部,88612879,88612878,88600014
臺灣省防衞總部工兵指揮所,臺灣省防衞總部,88612881,88612880,88600014
臺灣糖業公司糖業試驗所,Taiwan Sugar Corporation 臺灣糖業公司,88612887,88612053,88600013
臺灣糖業公司高雄儲運所,Taiwan Sugar Corporation 臺灣糖業公司,88612888,88612053,88600010
臺灣航業公司船務部,臺灣航業公司,88612894,88612893,88600014
臺灣鐵管理局高雄工務段,臺灣鐵管理局,88612909,88612908,88600010
臺灣鐵路局工務段,臺灣鐵路局,88612911,88612910,88600004
臺灣鐵路局臺中工務段,臺灣鐵路局,88612912,88612910,88600003
臺灣鐵路管局臺中工務段,臺灣鐵路管局,88612915,88612914,88600003
臺灣鐵路管理局基隆機務段,Taiwan Railway Administration Bureau 臺灣鐵路管理局,88612916,88612051,88600011
臺灣鐵路管理局臺中內燃車分駐所,Taiwan Railway Administration Bureau 臺灣鐵路管理局,88612917,88612051,88600003
臺灣鐵路管理局臺中工務段,Taiwan Railway Administration Bureau 臺灣鐵路管理局,88612918,88612051,88600003
臺灣鐵路管理局臺中電務段,Taiwan Railway Administration Bureau 臺灣鐵路管理局,88612919,88612051,88600003
臺灣鐵路管理局臺北內燃車段,Taiwan Railway Administration Bureau 臺灣鐵路管理局,88612920,88612051,88600014
臺灣鐵路管理局臺北工務段,Taiwan Railway Administration Bureau 臺灣鐵路管理局,88612921,88612051,88600014
臺灣鐵路管理局臺北工撈段,Taiwan Railway Administration Bureau 臺灣鐵路管理局,88612922,88612051,88600014
臺灣鐵路管理局臺北機務段,Taiwan Railway Administration Bureau 臺灣鐵路管理局,88612923,88612051,88600014
臺灣鐵路管理局臺北營繕所,Taiwan Railway Administration Bureau 臺灣鐵路管理局,88612924,88612051,88600014
臺灣鐵路管理局臺北貨運服務總所,Taiwan Railway Administration Bureau 臺灣鐵路管理局,88612925,88612051,88600014
臺灣鐵路管理局臺北電務段,Taiwan Railway Administration Bureau 臺灣鐵路管理局,88612926,88612051,NA
臺灣鐵路管理局裹北工務段,Taiwan Railway Administration Bureau 臺灣鐵路管理局,88612927,88612051,88600014
臺灣鐵路管理局貨運服務總所,Taiwan Railway Administration Bureau 臺灣鐵路管理局,88612928,88612051,88600014
臺灣鐵路管理局高雄工務段,Taiwan Railway Administration Bureau 臺灣鐵路管理局,88612929,88612051,88600010
臺灣鐵部管理局臺北工務段,臺灣鐵部管理局,88612932,88612931,88600014
臺灣防衞總部工兵指揮所,臺灣防衞總部,88612935,88612934,NA
臺灣電信管理局電信機械修配所,臺灣電信管理局,88612938,88612937,88600014
臺灣電力公司高雄火力發電所,Taiwan Power Company 臺灣電力公司,88612939,88612047,88600010
臺灣電力公司高雄變電所,Taiwan Power Company 臺灣電力公司,88612940,88612047,88600010
臺灣電力公司鬆山發電所,Taiwan Power Company 臺灣電力公司,88612941,88612047,NA
臺糖公司彰化副產加工廠,臺糖公司,88612961,88612960,NA
花蓮臺灣鐵路管理局花蓮工務段,花蓮臺灣鐵路管理局,88613004,88613003,88600009
財政部鹽務總局,財政部,88613053,88613052,88600013
鐵路局宜蘭工務段,鐵路局,88613070,88613069,88600016
鐵路局臺中工務段,鐵路局,88613071,88613069,88600003
鐵路管理局工務段,鐵路管理局,88613073,88613072,88600006
鐵路管理局臺北工務段,鐵路管理局,88613074,88613072,88600014
電力公司鉅工發電所,電力公司,88613095,88613094,NA
高雄岡山臺灣農工企業公司嘉義機械廠岡山工場,高雄岡山臺灣農工企業公司,88613114,88613113,88600010
高雄港務局船舶機械修理工廠,Kaohsiung Harbor Bureau 高雄港務局,88613118,88612027,88600010
鬆山聯勤總部六十一兵工廠,鬆山聯勤總部,88613142,88613141,NA
鬆山聯勤總部第四十四兵工廠,鬆山聯勤總部,88613143,88613141,88600014
亞東公司,NA,88612092,NA,NA
八堵臺灣鐵路管理局,NA,88612114,NA,NA
兵工學校,NA,88612120,NA,NA
南港公賣局,NA,88612153,NA,NA
嘉義臺灣鐵路管理局,NA,88612191,NA,NA
嘴勤總部,NA,88612197,NA,NA
國立交通大學,NA,88612202,NA,NA
基隆七堵臺灣電力公司,NA,88612220,NA,NA
基隆八堵臺灣鐵路管理局,NA,88612224,NA,NA
基隆八堵臺鶯鐵路管理局,NA,88612226,NA,NA
基隆八斗子臺灣電力公司,NA,88612228,NA,NA
宜蘭臺灣鐵路管理局,NA,88612275,NA,NA
屏東交通部,NA,88612293,NA,NA
屏東臺灣鐵路管理局,NA,88612301,NA,NA
彰化臺灣鐵路管理局,NA,88612338,NA,NA
招商局,NA,88612355,NA,NA
新竹經濟部,NA,88612381,NA,NA
新竹臺灣鐵路管理局,NA,88612394,NA,NA
新竹赤土崎中國石油公司,NA,88612400,NA,NA
海軍總部,NA,88612468,NA,NA
灣鐵路管理局,NA,88612479,NA,NA
聯勤總司令部,NA,88612525,NA,NA
臺中東勢電力公司,NA,88612553,NA,NA
臺中潭子臺灣糖業公司,NA,88612559,NA,NA
臺中烏日臺灣糖業公司,NA,88612562,NA,NA
臺北七堵臺灣電力公司,NA,88612587,NA,NA
臺北中和鄕齊魯企業公司,NA,88612590,NA,NA
臺北交通部,NA,88612592,NA,NA
臺北士林臺灣工礦公司,NA,88612608,NA,NA
臺北士林臺灣工蟾公司,NA,88612610,NA,NA
臺北新店臺灣電力公司,NA,88612620,NA,NA
臺北汐止臺灣煉鐵公司,NA,88612644,NA,NA
臺北縣三重鎮交通部,NA,88612650,NA,NA
臺北縣中和鄕齊魯公司,NA,88612658,NA,NA
臺北縣泰用明志工專學校,NA,88612667,NA,NA
臺北縣臺灣工礦公司,NA,88612678,NA,NA
臺北縣臺纜工楡公司,NA,88612680,NA,NA
臺北鬆山聯勤網部,NA,88612701,NA,NA
臺東臺灣鐵路管理局,NA,88612783,NA,NA
臺東裏墉臺灣省水利局,NA,88612787,NA,NA
臺灣儲業公司,NA,88612801,NA,NA
臺灣省防衛總部,NA,88612876,NA,NA
臺灣省防衞司令部,NA,88612878,NA,NA
臺灣省防衞總部,NA,88612880,NA,NA
臺灣鐵管理局,NA,88612908,NA,NA
臺灣鐵路管局,NA,88612914,NA,NA
臺灣鐵部管理局,NA,88612931,NA,NA
臺灣防衞總部,NA,88612934,NA,NA
財政部,NA,88613052,NA,NA
鐵路管理局,NA,88613072,NA,NA
電力公司,NA,88613094,NA,NA
高雄岡山臺灣農工企業公司,NA,88613113,NA,NA
鬆山聯勤總部,NA,88613141,NA,NA
